No,Latitude,Longitude,Altitude,Date,Time
1,51.311771,12.413179,146.3,2005/05/01,10:12:47
2,51.311806,12.412898,145.8,2005/05/01,10:13:04
3,51.311886,12.412773,146.7,2005/05/01,10:13:13
4,51.312157,12.412266,141.9,2005/05/01,10:13:57
5,51.312237,12.412382,141.9,2005/05/01,10:14:09
6,51.312256,12.412417,141.5,2005/05/01,10:14:12
7,51.312290,12.412490,141.9,2005/05/01,10:14:18
8,51.312634,12.412854,142.4,2005/05/01,10:15:02
9,51.312721,12.412819,141.9,2005/05/01,10:15:14
10,51.312813,12.412738,142.9,2005/05/01,10:15:26
11,51.312809,12.412716,142.4,2005/05/01,10:15:37
12,51.312740,12.412754,134.2,2005/05/01,10:16:19
13,51.312721,12.412703,135.7,2005/05/01,10:16:32
14,51.312763,12.412789,136.2,2005/05/01,10:16:45
15,51.312847,12.412965,136.6,2005/05/01,10:16:58
16,51.312962,12.413074,139.0,2005/05/01,10:17:10
17,51.313049,12.413176,142.4,2005/05/01,10:17:23
18,51.313091,12.413024,136.2,2005/05/01,10:19:36
19,51.312981,12.413024,147.7,2005/05/01,10:20:39
20,51.313007,12.413008,146.7,2005/05/01,10:20:56
21,51.312988,12.412968,154.4,2005/05/01,10:21:18
22,51.313015,12.413017,151.1,2005/05/01,10:21:26
23,51.312981,12.413198,144.3,2005/05/01,10:22:12
24,51.313057,12.413118,142.4,2005/05/01,10:24:06
25,51.312984,12.413024,134.2,2005/05/01,10:24:40
26,51.312897,12.412974,135.2,2005/05/01,10:24:50
27,51.312851,12.412962,135.7,2005/05/01,10:24:55
28,51.312801,12.412942,135.2,2005/05/01,10:25:00
29,51.312500,12.413117,149.6,2005/05/01,10:40:24
30,51.312458,12.412885,160.7,2005/05/01,10:45:25
31,51.312752,12.412534,161.2,2005/05/01,10:48:46
32,51.312958,12.413171,161.2,2005/05/01,11:02:47
33,51.312881,12.413239,153.9,2005/05/01,11:03:25
34,51.312862,12.413238,148.2,2005/05/01,11:03:39
35,51.312824,12.413306,138.6,2005/05/01,11:04:16
36,51.312840,12.413275,144.8,2005/05/01,11:05:02
37,51.312832,12.413310,133.8,2005/05/01,11:05:45
38,51.312786,12.413344,130.9,2005/05/01,11:06:44
39,51.312786,12.413335,130.4,2005/05/01,11:07:50
40,51.312759,12.413340,131.8,2005/05/01,11:08:19
41,51.312817,12.413316,143.9,2005/05/01,11:11:16
42,51.312923,12.413445,147.2,2005/05/01,11:12:34
43,51.312992,12.413793,145.3,2005/05/01,11:13:18
44,51.313042,12.413810,145.3,2005/05/01,11:13:27
45,51.313053,12.413842,135.2,2005/05/01,11:13:37
46,51.313110,12.413847,134.7,2005/05/01,11:13:46
47,51.313213,12.413879,136.2,2005/05/01,11:14:03
48,51.313293,12.413966,135.2,2005/05/01,11:14:16
49,51.313286,12.414053,138.6,2005/05/01,11:14:26
50,51.313267,12.414100,138.6,2005/05/01,11:14:30
51,51.313042,12.414609,141.0,2005/05/01,11:15:06
52,51.312981,12.414831,139.5,2005/05/01,11:15:27
53,51.312927,12.414936,140.5,2005/05/01,11:15:39
54,51.312954,12.414974,151.5,2005/05/01,11:25:31
55,51.312931,12.414981,152.0,2005/05/01,11:25:40
56,51.312962,12.414951,155.4,2005/05/01,11:29:18
57,51.313168,12.414594,148.7,2005/05/01,11:30:30
58,51.313168,12.414568,149.6,2005/05/01,11:30:37
59,51.313160,12.414435,150.6,2005/05/01,11:30:47
60,51.313156,12.414391,150.6,2005/05/01,11:30:48
61,51.313339,12.413907,149.6,2005/05/01,11:30:52
62,51.313705,12.413321,149.6,2005/05/01,11:30:57
63,51.313992,12.412865,149.6,2005/05/01,11:31:03
64,51.314220,12.412492,149.6,2005/05/01,11:31:10
65,51.314651,12.409562,143.4,2005/05/01,11:32:38
66,51.314651,12.409492,141.5,2005/05/01,11:32:45
67,51.314651,12.409492,143.4,2005/05/01,11:33:17
68,51.314651,12.409450,138.6,2005/05/01,11:33:42
69,51.314644,12.409356,138.6,2005/05/01,11:33:54
70,51.314644,12.409356,138.1,2005/05/01,11:34:04
71,51.314644,12.409356,138.6,2005/05/01,11:34:20
72,51.314644,12.409356,143.9,2005/05/01,11:35:45
73,51.314644,12.409356,144.8,2005/05/01,11:35:56
74,51.315117,12.410219,150.6,2005/05/01,11:37:24
75,51.315170,12.410345,152.0,2005/05/01,12:00:22
76,51.315094,12.410216,136.6,2005/05/01,12:23:08
77,51.315063,12.410310,133.8,2005/05/01,12:24:15
78,51.314957,12.410359,133.8,2005/05/01,12:24:39
79,51.314850,12.409389,135.2,2005/05/01,12:27:23
80,51.314838,12.409384,131.8,2005/05/01,12:27:38
81,51.314838,12.409448,136.6,2005/05/01,12:29:48
82,51.314861,12.409295,136.2,2005/05/01,12:29:53
83,51.314114,12.406694,134.7,2005/05/01,12:31:02
84,51.313965,12.406226,133.8,2005/05/01,12:31:10
85,51.313698,12.405787,133.3,2005/05/01,12:31:15
86,51.313339,12.404970,131.8,2005/05/01,12:31:21
87,51.312702,12.403500,129.0,2005/05/01,12:31:32
88,51.312210,12.402347,127.5,2005/05/01,12:31:41
89,51.311848,12.401454,126.6,2005/05/01,12:31:47
90,51.311398,12.400106,125.6,2005/05/01,12:31:55
91,51.311016,12.398855,124.6,2005/05/01,12:32:03
92,51.310661,12.397786,123.7,2005/05/01,12:32:12
93,51.310497,12.397281,123.2,2005/05/01,12:32:18
94,51.310432,12.396981,123.2,2005/05/01,12:32:24
95,51.309608,12.393578,120.8,2005/05/01,12:33:46
96,51.309464,12.392356,121.3,2005/05/01,12:33:53
97,51.309315,12.390598,120.3,2005/05/01,12:34:03
98,51.309242,12.388722,118.4,2005/05/01,12:34:13
99,51.309280,12.387513,116.9,2005/05/01,12:34:20
100,51.309433,12.386195,115.0,2005/05/01,12:34:27
101,51.309624,12.384780,114.1,2005/05/01,12:34:35
102,51.309845,12.383127,113.1,2005/05/01,12:34:45
103,51.310104,12.381428,112.6,2005/05/01,12:34:56
104,51.310238,12.380285,112.1,2005/05/01,12:35:04
105,51.310272,12.379325,112.6,2005/05/01,12:35:11
106,51.310318,12.378695,112.6,2005/05/01,12:35:16
107,51.310387,12.377781,113.1,2005/05/01,12:35:24
108,51.310482,12.376459,113.6,2005/05/01,12:35:34
109,51.310600,12.375264,113.1,2005/05/01,12:35:43
110,51.310680,12.374481,112.6,2005/05/01,12:35:49
111,51.310719,12.374114,112.6,2005/05/01,12:35:54
112,51.308830,12.373434,115.0,2005/05/01,12:36:56
113,51.308537,12.373454,115.0,2005/05/01,12:37:01
114,51.307766,12.373494,114.1,2005/05/01,12:37:12
115,51.307178,12.373572,116.0,2005/05/01,12:37:19
116,51.306580,12.373616,116.0,2005/05/01,12:37:24
117,51.305424,12.373781,116.0,2005/05/01,12:37:34
118,51.304718,12.373947,115.0,2005/05/01,12:37:41
119,51.303802,12.374235,114.5,2005/05/01,12:37:50
120,51.303219,12.374188,112.1,2005/05/01,12:37:55
121,51.302673,12.373871,112.1,2005/05/01,12:38:00
122,51.302235,12.373616,109.7,2005/05/01,12:38:05
123,51.301880,12.373242,109.7,2005/05/01,12:38:11
124,51.301781,12.373096,108.8,2005/05/01,12:38:13
125,51.301609,12.372646,110.2,2005/05/01,12:38:17
126,51.301697,12.372244,110.2,2005/05/01,12:38:20
127,51.301792,12.371790,110.2,2005/05/01,12:38:23
128,51.302063,12.371505,111.2,2005/05/01,12:38:27
129,51.302231,12.371544,111.7,2005/05/01,12:38:30
130,51.302425,12.371706,112.6,2005/05/01,12:38:33
131,51.302429,12.372085,112.1,2005/05/01,12:38:36
132,51.302261,12.372511,112.1,2005/05/01,12:38:39
133,51.301613,12.373790,111.7,2005/05/01,12:38:45
134,51.300972,12.374747,110.2,2005/05/01,12:38:50
135,51.300434,12.375403,108.8,2005/05/01,12:38:54
136,51.299648,12.376035,107.3,2005/05/01,12:38:59
137,51.298767,12.376458,106.8,2005/05/01,12:39:04
138,51.297871,12.376555,107.3,2005/05/01,12:39:09
139,51.296875,12.376642,107.8,2005/05/01,12:39:15
140,51.295280,12.376738,107.8,2005/05/01,12:39:24
141,51.293354,12.377548,107.3,2005/05/01,12:39:35
142,51.292248,12.377894,109.7,2005/05/01,12:39:41
143,51.291145,12.378030,110.2,2005/05/01,12:39:47
144,51.289436,12.378082,111.2,2005/05/01,12:39:56
145,51.287277,12.378541,111.7,2005/05/01,12:40:07
146,51.286388,12.379174,113.1,2005/05/01,12:40:12
147,51.285053,12.380287,115.0,2005/05/01,12:40:20
148,51.283432,12.381713,116.0,2005/05/01,12:40:30
149,51.282192,12.382656,114.5,2005/05/01,12:40:38
150,51.281269,12.383118,113.1,2005/05/01,12:40:43
151,51.280315,12.383292,112.1,2005/05/01,12:40:48
152,51.278896,12.383408,112.1,2005/05/01,12:40:55
153,51.277382,12.383366,112.6,2005/05/01,12:41:02
154,51.275955,12.383136,111.2,2005/05/01,12:41:08
155,51.274601,12.382789,109.7,2005/05/01,12:41:14
156,51.272713,12.382216,109.2,2005/05/01,12:41:23
157,51.271980,12.381995,109.2,2005/05/01,12:41:26
158,51.270828,12.381646,110.2,2005/05/01,12:41:31
159,51.269814,12.381455,110.2,2005/05/01,12:41:36
160,51.268269,12.381314,110.7,2005/05/01,12:41:44
161,51.266804,12.381362,111.7,2005/05/01,12:41:51
162,51.265297,12.381626,112.1,2005/05/01,12:41:58
163,51.263809,12.382035,112.1,2005/05/01,12:42:05
164,51.262920,12.382297,112.1,2005/05/01,12:42:10
165,51.261108,12.382891,112.6,2005/05/01,12:42:21
166,51.260601,12.383055,112.6,2005/05/01,12:42:25
167,51.259785,12.383259,113.1,2005/05/01,12:42:31
168,51.258476,12.383584,113.1,2005/05/01,12:42:40
169,51.256355,12.384040,113.1,2005/05/01,12:42:54
170,51.254620,12.384377,113.1,2005/05/01,12:43:05
171,51.252995,12.384618,113.1,2005/05/01,12:43:15
172,51.251785,12.384839,113.1,2005/05/01,12:43:22
173,51.250454,12.385139,113.1,2005/05/01,12:43:29
174,51.248745,12.385717,114.1,2005/05/01,12:43:38
175,51.247353,12.386271,114.5,2005/05/01,12:43:46
176,51.245663,12.387033,116.0,2005/05/01,12:43:56
177,51.243782,12.387762,117.4,2005/05/01,12:44:06
178,51.242046,12.388334,116.5,2005/05/01,12:44:15
179,51.240936,12.388480,116.9,2005/05/01,12:44:21
180,51.240353,12.388557,116.9,2005/05/01,12:44:25
181,51.239315,12.388623,116.5,2005/05/01,12:44:32
182,51.238277,12.388609,116.9,2005/05/01,12:44:39
183,51.236877,12.388590,116.9,2005/05/01,12:44:49
184,51.235378,12.388569,116.9,2005/05/01,12:44:59
185,51.232895,12.388523,117.4,2005/05/01,12:45:15
186,51.231190,12.388352,118.4,2005/05/01,12:45:26
187,51.230278,12.388224,119.8,2005/05/01,12:45:32
188,51.229240,12.388078,120.3,2005/05/01,12:45:38
189,51.228004,12.387978,120.3,2005/05/01,12:45:44
190,51.224022,12.387749,122.7,2005/05/01,12:46:02
191,51.222416,12.387671,122.2,2005/05/01,12:46:09
192,51.220608,12.387600,122.2,2005/05/01,12:46:17
193,51.219223,12.387600,122.2,2005/05/01,12:46:23
194,51.217834,12.387871,122.7,2005/05/01,12:46:29
195,51.216717,12.388321,122.7,2005/05/01,12:46:34
196,51.215443,12.389137,123.7,2005/05/01,12:46:40
197,51.214417,12.390031,124.6,2005/05/01,12:46:45
198,51.213470,12.391125,123.2,2005/05/01,12:46:50
199,51.212631,12.392336,121.7,2005/05/01,12:46:55
200,51.211788,12.393923,121.7,2005/05/01,12:47:01
201,51.211033,12.395702,122.7,2005/05/01,12:47:07
202,51.209976,12.398560,120.8,2005/05/01,12:47:16
203,51.208374,12.403026,121.7,2005/05/01,12:47:30
204,51.207283,12.406068,122.7,2005/05/01,12:47:39
205,51.206219,12.409036,119.8,2005/05/01,12:47:48
206,51.205105,12.411981,122.7,2005/05/01,12:47:57
207,51.204079,12.414440,128.5,2005/05/01,12:48:05
208,51.203045,12.416667,133.8,2005/05/01,12:48:13
209,51.201778,12.419291,138.6,2005/05/01,12:48:23
210,51.200523,12.422076,142.9,2005/05/01,12:48:33
211,51.200069,12.423662,143.4,2005/05/01,12:48:38
212,51.199554,12.425975,142.9,2005/05/01,12:48:45
213,51.198895,12.428778,141.5,2005/05/01,12:48:53
214,51.197941,12.432205,137.6,2005/05/01,12:49:03
215,51.197102,12.435142,136.6,2005/05/01,12:49:12
216,51.196411,12.437860,136.6,2005/05/01,12:49:20
217,51.196129,12.439669,135.7,2005/05/01,12:49:25
218,51.196041,12.441139,135.7,2005/05/01,12:49:29
219,51.196114,12.442969,136.6,2005/05/01,12:49:34
220,51.196293,12.445425,137.6,2005/05/01,12:49:41
221,51.196522,12.448528,138.6,2005/05/01,12:49:50
222,51.196487,12.450274,139.5,2005/05/01,12:49:55
223,51.196239,12.451724,140.5,2005/05/01,12:49:59
224,51.195869,12.453508,141.5,2005/05/01,12:50:04
225,51.195343,12.456193,142.4,2005/05/01,12:50:12
226,51.195087,12.457638,142.4,2005/05/01,12:50:17
227,51.194672,12.460048,142.4,2005/05/01,12:50:26
228,51.194225,12.461839,142.4,2005/05/01,12:50:33
229,51.193783,12.463115,142.4,2005/05/01,12:50:39
230,51.193222,12.464643,143.4,2005/05/01,12:50:47
231,51.192593,12.466349,144.3,2005/05/01,12:50:55
232,51.192062,12.467679,145.3,2005/05/01,12:51:02
233,51.191292,12.469519,145.8,2005/05/01,12:51:11
234,51.190514,12.471314,145.8,2005/05/01,12:51:19
235,51.189762,12.473023,146.3,2005/05/01,12:51:27
236,51.188805,12.475200,146.3,2005/05/01,12:51:37
237,51.188313,12.476319,147.2,2005/05/01,12:51:43
238,51.187721,12.477364,148.7,2005/05/01,12:51:49
239,51.187218,12.477957,149.6,2005/05/01,12:51:53
240,51.186295,12.478688,151.5,2005/05/01,12:51:59
241,51.185200,12.479604,153.5,2005/05/01,12:52:06
242,51.184551,12.480150,154.9,2005/05/01,12:52:11
243,51.183876,12.480718,155.9,2005/05/01,12:52:17
244,51.183197,12.481290,156.8,2005/05/01,12:52:22
245,51.182125,12.482214,158.3,2005/05/01,12:52:29
246,51.181137,12.483059,159.7,2005/05/01,12:52:36
247,51.180111,12.483932,159.2,2005/05/01,12:52:43
248,51.178616,12.485278,158.8,2005/05/01,12:52:52
249,51.177109,12.486649,158.3,2005/05/01,12:53:01
250,51.175434,12.488199,156.4,2005/05/01,12:53:11
251,51.174713,12.488884,156.4,2005/05/01,12:53:16
252,51.173363,12.490122,154.9,2005/05/01,12:53:25
253,51.171848,12.491529,154.4,2005/05/01,12:53:34
254,51.170086,12.493157,153.9,2005/05/01,12:53:44
255,51.168091,12.495011,153.0,2005/05/01,12:53:55
256,51.166756,12.496254,152.0,2005/05/01,12:54:02
257,51.165287,12.497619,151.5,2005/05/01,12:54:09
258,51.163887,12.498919,152.0,2005/05/01,12:54:16
259,51.161949,12.500744,151.1,2005/05/01,12:54:26
260,51.159813,12.502866,149.6,2005/05/01,12:54:37
261,51.158123,12.504699,147.2,2005/05/01,12:54:46
262,51.156357,12.506797,144.8,2005/05/01,12:54:56
263,51.155666,12.507464,143.9,2005/05/01,12:55:00
264,51.155067,12.507857,143.4,2005/05/01,12:55:04
265,51.154282,12.508145,143.4,2005/05/01,12:55:10
266,51.153400,12.508440,143.4,2005/05/01,12:55:16
267,51.152454,12.508718,142.4,2005/05/01,12:55:22
268,51.151852,12.508905,141.5,2005/05/01,12:55:27
269,51.151154,12.509148,139.0,2005/05/01,12:55:32
270,51.150124,12.509460,135.2,2005/05/01,12:55:38
271,51.149014,12.509648,133.3,2005/05/01,12:55:44
272,51.147942,12.509694,133.8,2005/05/01,12:55:50
273,51.146999,12.509721,134.2,2005/05/01,12:55:56
274,51.145367,12.509868,137.1,2005/05/01,12:56:06
275,51.143803,12.509995,140.5,2005/05/01,12:56:15
276,51.142647,12.510077,142.9,2005/05/01,12:56:22
277,51.141022,12.510029,144.8,2005/05/01,12:56:31
278,51.140068,12.509917,146.7,2005/05/01,12:56:37
279,51.139423,12.509842,148.2,2005/05/01,12:56:42
280,51.138622,12.509748,149.1,2005/05/01,12:56:49
281,51.137985,12.509547,150.6,2005/05/01,12:56:55
282,51.137718,12.509432,151.1,2005/05/01,12:56:59
283,51.137501,12.509295,151.1,2005/05/01,12:57:03
284,51.137390,12.509223,151.1,2005/05/01,12:57:05
285,51.136940,12.508941,150.1,2005/05/01,12:57:10
286,51.136818,12.508863,149.6,2005/05/01,12:57:11
287,51.136082,12.508371,150.1,2005/05/01,12:57:16
288,51.135502,12.507978,150.6,2005/05/01,12:57:20
289,51.134407,12.507249,151.1,2005/05/01,12:57:29
290,51.133263,12.506474,151.5,2005/05/01,12:57:39
291,51.132454,12.505995,152.0,2005/05/01,12:57:46
292,51.131516,12.505629,153.0,2005/05/01,12:57:53
293,51.130322,12.505174,154.4,2005/05/01,12:58:02
294,51.129692,12.504972,154.4,2005/05/01,12:58:08
295,51.128941,12.504713,154.4,2005/05/01,12:58:15
296,51.128220,12.504499,154.9,2005/05/01,12:58:22
297,51.126926,12.501781,147.7,2005/05/01,12:59:26
298,51.126564,12.500633,141.9,2005/05/01,12:59:35
299,51.126297,12.499783,139.0,2005/05/01,12:59:41
300,51.126137,12.498737,137.1,2005/05/01,12:59:47
301,51.126011,12.497445,132.8,2005/05/01,12:59:54
302,51.125778,12.495878,130.9,2005/05/01,13:00:02
303,51.125454,12.494621,129.9,2005/05/01,13:00:08
304,51.125053,12.493516,129.9,2005/05/01,13:00:14
305,51.124458,12.492245,129.9,2005/05/01,13:00:22
306,51.123825,12.491211,129.9,2005/05/01,13:00:29
307,51.122810,12.489965,131.4,2005/05/01,13:00:39
308,51.122452,12.489511,132.3,2005/05/01,13:00:44
309,51.122009,12.488997,132.8,2005/05/01,13:00:49
310,51.121414,12.488363,133.8,2005/05/01,13:00:55
311,51.121044,12.487970,134.7,2005/05/01,13:00:59
312,51.120773,12.487390,135.7,2005/05/01,13:01:03
313,51.120720,12.487205,135.2,2005/05/01,13:01:04
314,51.120289,12.485627,135.2,2005/05/01,13:01:13
315,51.119705,12.484282,132.3,2005/05/01,13:01:22
316,51.119347,12.484006,133.8,2005/05/01,13:01:26
317,51.119057,12.484074,135.7,2005/05/01,13:01:29
318,51.118858,12.484183,137.1,2005/05/01,13:01:31
319,51.117905,12.484870,139.5,2005/05/01,13:01:40
320,51.117416,12.485224,140.0,2005/05/01,13:01:43
321,51.116749,12.485753,141.0,2005/05/01,13:01:47
322,51.116264,12.486159,141.0,2005/05/01,13:01:51
323,51.115429,12.486876,141.9,2005/05/01,13:01:58
324,51.114632,12.487564,142.4,2005/05/01,13:02:04
325,51.113716,12.488246,142.4,2005/05/01,13:02:11
326,51.113331,12.488533,142.9,2005/05/01,13:02:15
327,51.113010,12.488770,143.4,2005/05/01,13:02:20
328,51.112759,12.488960,143.4,2005/05/01,13:02:32
329,51.112484,12.489175,143.4,2005/05/01,13:02:36
330,51.112118,12.489573,143.9,2005/05/01,13:02:40
331,51.111565,12.490289,144.8,2005/05/01,13:02:46
332,51.110973,12.490983,147.7,2005/05/01,13:02:52
333,51.110596,12.491136,146.7,2005/05/01,13:02:56
334,51.110462,12.491162,146.3,2005/05/01,13:02:57
335,51.109657,12.491088,145.8,2005/05/01,13:03:02
336,51.108829,12.490816,145.3,2005/05/01,13:03:07
337,51.108128,12.490336,146.7,2005/05/01,13:03:11
338,51.107418,12.489674,147.7,2005/05/01,13:03:15
339,51.106804,12.488876,148.7,2005/05/01,13:03:18
340,51.106064,12.487844,150.1,2005/05/01,13:03:22
341,51.105286,12.486754,152.5,2005/05/01,13:03:27
342,51.104614,12.485814,154.9,2005/05/01,13:03:32
343,51.103615,12.484413,156.8,2005/05/01,13:03:39
344,51.102730,12.483016,157.3,2005/05/01,13:03:45
345,51.102081,12.481607,157.8,2005/05/01,13:03:50
346,51.101307,12.479855,157.8,2005/05/01,13:03:56
347,51.100643,12.478885,158.3,2005/05/01,13:04:00
348,51.099899,12.478089,158.3,2005/05/01,13:04:04
349,51.098869,12.477301,159.2,2005/05/01,13:04:09
350,51.096909,12.476013,162.1,2005/05/01,13:04:18
351,51.095261,12.474915,164.0,2005/05/01,13:04:26
352,51.094261,12.474182,165.0,2005/05/01,13:04:31
353,51.093452,12.473202,165.0,2005/05/01,13:04:36
354,51.092602,12.472367,164.0,2005/05/01,13:04:41
355,51.091846,12.471776,163.1,2005/05/01,13:04:46
356,51.091076,12.471173,162.1,2005/05/01,13:04:52
357,51.090210,12.470464,162.6,2005/05/01,13:04:58
358,51.089249,12.469753,163.6,2005/05/01,13:05:04
359,51.088360,12.469259,162.6,2005/05/01,13:05:09
360,51.087185,12.468658,161.6,2005/05/01,13:05:16
361,51.086086,12.468260,160.2,2005/05/01,13:05:22
362,51.084526,12.467665,156.8,2005/05/01,13:05:30
363,51.083595,12.466995,152.5,2005/05/01,13:05:35
364,51.081699,12.465616,155.4,2005/05/01,13:05:45
365,51.081367,12.465426,156.4,2005/05/01,13:05:47
366,51.080429,12.465114,155.9,2005/05/01,13:05:53
367,51.079193,12.464816,152.0,2005/05/01,13:06:00
368,51.077972,12.464535,149.6,2005/05/01,13:06:07
369,51.076900,12.464253,147.7,2005/05/01,13:06:14
370,51.075752,12.463961,146.7,2005/05/01,13:06:23
371,51.075012,12.463593,146.7,2005/05/01,13:06:29
372,51.074387,12.463098,146.3,2005/05/01,13:06:34
373,51.073921,12.462503,145.8,2005/05/01,13:06:38
374,51.073307,12.461643,144.8,2005/05/01,13:06:44
375,51.072884,12.461061,144.3,2005/05/01,13:06:49
376,51.072422,12.460390,144.3,2005/05/01,13:06:54
377,51.071720,12.459419,144.3,2005/05/01,13:07:00
378,51.070290,12.457437,144.3,2005/05/01,13:07:11
379,51.069389,12.456190,143.9,2005/05/01,13:07:17
380,51.067875,12.454091,144.3,2005/05/01,13:07:27
381,51.067581,12.453806,144.3,2005/05/01,13:07:29
382,51.067009,12.453501,144.3,2005/05/01,13:07:33
383,51.066715,12.453480,144.8,2005/05/01,13:07:35
384,51.065796,12.453458,145.3,2005/05/01,13:07:42
385,51.064861,12.453551,145.8,2005/05/01,13:07:50
386,51.064358,12.453750,146.3,2005/05/01,13:07:55
387,51.063622,12.453990,146.7,2005/05/01,13:08:02
388,51.062798,12.454051,146.7,2005/05/01,13:08:09
389,51.062576,12.454063,146.3,2005/05/01,13:08:11
390,51.062149,12.453842,146.7,2005/05/01,13:08:15
391,51.061779,12.453481,146.7,2005/05/01,13:08:19
392,51.061455,12.453474,146.3,2005/05/01,13:08:22
393,51.061337,12.453520,145.8,2005/05/01,13:08:23
394,51.060463,12.453875,147.2,2005/05/01,13:08:29
395,51.059685,12.454202,147.2,2005/05/01,13:08:33
396,51.058304,12.454766,147.2,2005/05/01,13:08:40
397,51.057957,12.454883,147.2,2005/05/01,13:08:42
398,51.057274,12.454769,147.2,2005/05/01,13:08:46
399,51.056305,12.454394,148.2,2005/05/01,13:08:52
400,51.054928,12.453861,147.7,2005/05/01,13:09:01
401,51.054543,12.453722,148.2,2005/05/01,13:09:05
402,51.054031,12.453494,149.6,2005/05/01,13:09:12
403,51.053379,12.453175,150.1,2005/05/01,13:09:20
404,51.053322,12.453162,150.1,2005/05/01,13:09:21
405,51.052921,12.453219,149.6,2005/05/01,13:09:25
406,51.051903,12.453642,148.2,2005/05/01,13:09:34
407,51.050602,12.454201,148.2,2005/05/01,13:09:45
408,51.049747,12.454443,148.7,2005/05/01,13:09:52
409,51.048878,12.454705,149.1,2005/05/01,13:09:58
410,51.047409,12.455194,149.1,2005/05/01,13:10:08
411,51.046623,12.455402,149.1,2005/05/01,13:10:13
412,51.045845,12.455386,148.2,2005/05/01,13:10:17
413,51.044220,12.455320,149.6,2005/05/01,13:10:25
414,51.043083,12.455362,153.0,2005/05/01,13:10:31
415,51.042324,12.455677,154.9,2005/05/01,13:10:35
416,51.041615,12.456316,156.4,2005/05/01,13:10:39
417,51.040577,12.457352,158.3,2005/05/01,13:10:45
418,51.039703,12.457886,161.6,2005/05/01,13:10:50
419,51.038719,12.458243,164.5,2005/05/01,13:10:55
420,51.037323,12.458650,164.0,2005/05/01,13:11:02
421,51.035789,12.458878,161.6,2005/05/01,13:11:09
422,51.034809,12.458876,159.7,2005/05/01,13:11:13
423,51.033878,12.458609,158.8,2005/05/01,13:11:17
424,51.032433,12.458087,160.2,2005/05/01,13:11:23
425,51.031494,12.457998,161.2,2005/05/01,13:11:27
426,51.029793,12.458097,161.6,2005/05/01,13:11:35
427,51.029160,12.458107,162.1,2005/05/01,13:11:39
428,51.028557,12.458088,162.6,2005/05/01,13:11:44
429,51.027588,12.458099,164.0,2005/05/01,13:11:52
430,51.026630,12.458085,165.0,2005/05/01,13:11:59
431,51.025723,12.457858,166.0,2005/05/01,13:12:05
432,51.024788,12.457500,166.9,2005/05/01,13:12:11
433,51.023872,12.456894,166.9,2005/05/01,13:12:17
434,51.021931,12.455244,165.5,2005/05/01,13:12:27
435,51.020996,12.454744,166.9,2005/05/01,13:12:31
436,51.020031,12.454615,168.4,2005/05/01,13:12:35
437,51.018780,12.454471,170.8,2005/05/01,13:12:40
438,51.017895,12.454369,172.2,2005/05/01,13:12:44
439,51.016891,12.454252,173.7,2005/05/01,13:12:49
440,51.015724,12.454118,176.1,2005/05/01,13:12:55
441,51.014675,12.453997,180.4,2005/05/01,13:13:01
442,51.013515,12.454010,186.2,2005/05/01,13:13:08
443,51.012608,12.454248,189.5,2005/05/01,13:13:13
444,51.011658,12.454726,192.4,2005/05/01,13:13:18
445,51.010788,12.455435,194.3,2005/05/01,13:13:23
446,51.010002,12.456409,194.8,2005/05/01,13:13:28
447,51.009136,12.457520,193.8,2005/05/01,13:13:33
448,51.007881,12.458940,190.5,2005/05/01,13:13:40
449,51.006393,12.460461,187.1,2005/05/01,13:13:48
450,51.005692,12.461390,186.6,2005/05/01,13:13:52
451,51.005150,12.462389,185.7,2005/05/01,13:13:56
452,51.004547,12.463725,184.7,2005/05/01,13:14:01
453,51.003487,12.466263,182.8,2005/05/01,13:14:10
454,51.002804,12.467557,181.8,2005/05/01,13:14:15
455,51.002003,12.468651,179.9,2005/05/01,13:14:20
456,51.001129,12.469548,177.5,2005/05/01,13:14:25
457,51.000099,12.470274,174.6,2005/05/01,13:14:30
458,50.998985,12.470720,172.7,2005/05/01,13:14:35
459,50.998131,12.470893,171.7,2005/05/01,13:14:39
460,50.997093,12.470915,172.2,2005/05/01,13:14:44
461,50.996059,12.470645,174.1,2005/05/01,13:14:49
462,50.994968,12.470196,177.0,2005/05/01,13:14:54
463,50.992981,12.469230,183.7,2005/05/01,13:15:03
464,50.991138,12.468336,189.5,2005/05/01,13:15:12
465,50.989594,12.467590,193.8,2005/05/01,13:15:19
466,50.987949,12.466793,197.7,2005/05/01,13:15:26
467,50.985989,12.465988,200.1,2005/05/01,13:15:34
468,50.984779,12.465678,200.6,2005/05/01,13:15:39
469,50.983364,12.465641,199.1,2005/05/01,13:15:45
470,50.981831,12.465590,197.2,2005/05/01,13:15:52
471,50.980293,12.465364,195.3,2005/05/01,13:15:59
472,50.978977,12.464875,193.4,2005/05/01,13:16:05
473,50.977680,12.464091,191.4,2005/05/01,13:16:11
474,50.976509,12.463130,191.4,2005/05/01,13:16:17
475,50.975445,12.461998,193.4,2005/05/01,13:16:23
476,50.974453,12.460635,197.2,2005/05/01,13:16:29
477,50.973560,12.459012,202.0,2005/05/01,13:16:35
478,50.972778,12.457286,207.3,2005/05/01,13:16:41
479,50.971535,12.453962,214.0,2005/05/01,13:16:52
480,50.970154,12.450278,217.4,2005/05/01,13:17:04
481,50.968864,12.446836,219.8,2005/05/01,13:17:15
482,50.967731,12.443820,222.2,2005/05/01,13:17:24
483,50.966091,12.439415,224.1,2005/05/01,13:17:37
484,50.964870,12.436135,222.7,2005/05/01,13:17:47
485,50.964413,12.434619,221.7,2005/05/01,13:17:52
486,50.964085,12.433249,220.8,2005/05/01,13:17:57
487,50.963684,12.431204,220.3,2005/05/01,13:18:04
488,50.963390,12.429024,220.8,2005/05/01,13:18:11
489,50.963123,12.426970,222.2,2005/05/01,13:18:17
490,50.962685,12.423943,224.6,2005/05/01,13:18:26
491,50.962208,12.421659,226.5,2005/05/01,13:18:33
492,50.961578,12.419486,227.0,2005/05/01,13:18:40
493,50.960865,12.417671,227.0,2005/05/01,13:18:46
494,50.960033,12.415839,226.5,2005/05/01,13:18:52
495,50.959106,12.414160,226.5,2005/05/01,13:18:58
496,50.958347,12.413023,226.0,2005/05/01,13:19:03
497,50.957626,12.412081,225.6,2005/05/01,13:19:08
498,50.956699,12.411014,226.0,2005/05/01,13:19:14
499,50.955608,12.410038,227.0,2005/05/01,13:19:20
500,50.954544,12.409194,227.5,2005/05/01,13:19:25
501,50.952980,12.408084,228.0,2005/05/01,13:19:32
502,50.951775,12.407280,226.0,2005/05/01,13:19:38
503,50.950302,12.406245,222.7,2005/05/01,13:19:46
504,50.949768,12.405829,221.2,2005/05/01,13:19:50
505,50.948799,12.405010,218.4,2005/05/01,13:19:58
506,50.948177,12.404475,216.9,2005/05/01,13:20:04
507,50.947254,12.403681,215.5,2005/05/01,13:20:12
508,50.946522,12.403052,217.9,2005/05/01,13:20:17
509,50.945660,12.402325,220.8,2005/05/01,13:20:22
510,50.944523,12.401376,224.6,2005/05/01,13:20:28
511,50.943890,12.400856,226.5,2005/05/01,13:20:32
512,50.942677,12.399938,229.9,2005/05/01,13:20:40
513,50.941662,12.399199,232.3,2005/05/01,13:20:47
514,50.941139,12.399022,231.8,2005/05/01,13:21:03
515,50.941158,12.399110,231.3,2005/05/01,13:21:04
516,50.941479,12.399952,228.9,2005/05/01,13:21:11
517,50.942055,12.401340,224.6,2005/05/01,13:21:23
518,50.942379,12.402339,220.8,2005/05/01,13:21:31
519,50.942581,12.403306,216.9,2005/05/01,13:21:37
520,50.942696,12.404158,213.1,2005/05/01,13:21:41
521,50.942841,12.406039,206.8,2005/05/01,13:21:49
522,50.942955,12.407497,202.5,2005/05/01,13:21:56
523,50.942894,12.408617,199.1,2005/05/01,13:22:02
524,50.942822,12.410032,196.2,2005/05/01,13:22:09
525,50.942802,12.411101,194.3,2005/05/01,13:22:15
526,50.942757,12.411933,193.8,2005/05/01,13:22:21
527,50.942696,12.412200,193.8,2005/05/01,13:22:24
528,50.942486,12.412536,193.4,2005/05/01,13:22:28
529,50.941715,12.413306,191.9,2005/05/01,13:22:36
530,50.941204,12.413784,189.5,2005/05/01,13:22:42
531,50.940910,12.413920,187.1,2005/05/01,13:22:46
532,50.940495,12.413962,184.7,2005/05/01,13:22:54
533,50.940166,12.414028,182.3,2005/05/01,13:23:03
534,50.939892,12.414094,182.3,2005/05/01,13:23:09
535,50.939480,12.414414,182.3,2005/05/01,13:23:18
536,50.939075,12.414724,182.8,2005/05/01,13:23:25
537,50.938587,12.414783,182.8,2005/05/01,13:23:30
538,50.937950,12.414706,182.3,2005/05/01,13:23:36
539,50.937302,12.414667,182.3,2005/05/01,13:23:41
540,50.936481,12.414953,182.8,2005/05/01,13:23:47
541,50.935966,12.415160,183.3,2005/05/01,13:23:52
542,50.935349,12.415446,184.2,2005/05/01,13:23:59
543,50.934921,12.415835,183.7,2005/05/01,13:24:04
544,50.934483,12.416403,183.7,2005/05/01,13:24:10
545,50.934414,12.416487,183.7,2005/05/01,13:24:11
546,50.933956,12.416874,183.7,2005/05/01,13:24:17
547,50.933720,12.417282,183.3,2005/05/01,13:24:22
548,50.933697,12.417516,183.3,2005/05/01,13:24:24
549,50.933666,12.418108,183.3,2005/05/01,13:24:31
550,50.933678,12.418177,183.3,2005/05/01,13:24:32
551,50.933727,12.418467,183.3,2005/05/01,13:24:36
552,50.933784,12.418802,183.7,2005/05/01,13:24:41
553,50.933746,12.419285,183.3,2005/05/01,13:24:46
554,50.933723,12.419365,183.7,2005/05/01,13:24:47
555,50.933594,12.419766,183.7,2005/05/01,13:24:54
556,50.933311,12.420353,184.2,2005/05/01,13:25:04
557,50.933125,12.420735,184.2,2005/05/01,13:25:11
558,50.933094,12.420753,183.7,2005/05/01,13:25:12
559,50.932884,12.420868,183.7,2005/05/01,13:25:16
560,50.932312,12.421187,184.7,2005/05/01,13:25:24
561,50.931789,12.421527,185.2,2005/05/01,13:25:32
562,50.931461,12.421934,185.2,2005/05/01,13:25:37
563,50.931110,12.422308,185.7,2005/05/01,13:25:42
564,50.930649,12.422478,185.2,2005/05/01,13:25:48
565,50.930569,12.422475,185.2,2005/05/01,13:25:49
566,50.930214,12.422312,185.7,2005/05/01,13:25:55
567,50.930126,12.422271,185.7,2005/05/01,13:25:57
568,50.929855,12.422425,186.6,2005/05/01,13:26:03
569,50.929688,12.422732,186.6,2005/05/01,13:26:06
570,50.929428,12.423475,187.1,2005/05/01,13:26:10
571,50.928974,12.424152,187.1,2005/05/01,13:26:14
572,50.928684,12.424556,188.1,2005/05/01,13:26:18
573,50.928379,12.424981,189.5,2005/05/01,13:26:24
574,50.928101,12.425393,188.1,2005/05/01,13:26:28
575,50.927433,12.426367,188.6,2005/05/01,13:26:36
576,50.927315,12.426538,188.6,2005/05/01,13:26:38
577,50.927139,12.426567,189.5,2005/05/01,13:26:42
578,50.927109,12.426567,189.5,2005/05/01,13:26:43
579,50.926884,12.426640,190.0,2005/05/01,13:26:48
580,50.926773,12.426958,190.0,2005/05/01,13:26:50
581,50.926495,12.427582,189.5,2005/05/01,13:26:54
582,50.926025,12.428198,190.0,2005/05/01,13:26:59
583,50.925236,12.429118,191.4,2005/05/01,13:27:06
584,50.924343,12.430082,192.9,2005/05/01,13:27:14
585,50.923737,12.430582,194.3,2005/05/01,13:27:20
586,50.923260,12.430975,195.8,2005/05/01,13:27:26
587,50.922924,12.431252,195.3,2005/05/01,13:27:32
588,50.922615,12.431504,194.8,2005/05/01,13:27:38
589,50.922184,12.432011,193.4,2005/05/01,13:27:45
590,50.921959,12.432287,192.9,2005/05/01,13:27:50
591,50.921860,12.432408,192.9,2005/05/01,13:27:55
592,50.921810,12.432633,193.4,2005/05/01,13:28:00
593,50.921902,12.432815,192.9,2005/05/01,13:28:04
594,50.922165,12.433379,191.0,2005/05/01,13:28:09
595,50.922348,12.434395,189.5,2005/05/01,13:28:16
596,50.922359,12.434537,189.5,2005/05/01,13:28:17
597,50.922421,12.435239,188.6,2005/05/01,13:28:22
598,50.922447,12.435801,188.6,2005/05/01,13:28:27
599,50.922409,12.436349,188.6,2005/05/01,13:28:37
600,50.922283,12.436841,188.6,2005/05/01,13:28:43
601,50.922127,12.437638,189.5,2005/05/01,13:28:49
602,50.922104,12.438556,191.0,2005/05/01,13:28:54
603,50.922104,12.438973,189.5,2005/05/01,13:28:56
604,50.921970,12.439605,189.0,2005/05/01,13:29:00
605,50.921894,12.439731,188.6,2005/05/01,13:29:01
606,50.921326,12.440666,188.6,2005/05/01,13:29:09
607,50.920902,12.440987,188.1,2005/05/01,13:29:14
608,50.920612,12.441107,188.1,2005/05/01,13:29:17
609,50.920193,12.441598,188.6,2005/05/01,13:29:22
610,50.920086,12.442097,189.5,2005/05/01,13:29:26
611,50.920086,12.442311,190.0,2005/05/01,13:29:28
612,50.920128,12.442950,190.5,2005/05/01,13:29:35
613,50.920204,12.443608,189.5,2005/05/01,13:29:40
614,50.920212,12.444140,190.0,2005/05/01,13:29:45
615,50.920143,12.444591,190.5,2005/05/01,13:29:52
616,50.920090,12.444963,191.9,2005/05/01,13:30:12
617,50.919914,12.444931,191.9,2005/05/01,13:30:16
618,50.919392,12.444782,191.9,2005/05/01,13:30:21
619,50.918808,12.444611,191.4,2005/05/01,13:30:25
620,50.917950,12.444357,191.4,2005/05/01,13:30:30
621,50.917282,12.444160,191.4,2005/05/01,13:30:33
622,50.916252,12.443854,191.0,2005/05/01,13:30:37
623,50.914944,12.443467,191.4,2005/05/01,13:30:42
624,50.914318,12.443282,191.4,2005/05/01,13:30:45
625,50.913452,12.443026,191.9,2005/05/01,13:30:50
626,50.912403,12.442715,192.4,2005/05/01,13:30:57
627,50.911633,12.442532,192.4,2005/05/01,13:31:03
628,50.911194,12.442452,192.4,2005/05/01,13:31:08
629,50.910854,12.442225,191.9,2005/05/01,13:31:12
630,50.910500,12.441872,191.4,2005/05/01,13:31:16
631,50.910080,12.441646,191.9,2005/05/01,13:31:20
632,50.909393,12.441377,193.4,2005/05/01,13:31:25
633,50.908554,12.441062,195.3,2005/05/01,13:31:30
634,50.907627,12.440727,197.7,2005/05/01,13:31:35
635,50.906860,12.440450,198.2,2005/05/01,13:31:40
636,50.905495,12.439957,199.1,2005/05/01,13:31:48
637,50.904942,12.440009,199.6,2005/05/01,13:31:52
638,50.903900,12.440214,199.1,2005/05/01,13:31:59
639,50.902790,12.440429,197.7,2005/05/01,13:32:06
640,50.901569,12.440729,197.2,2005/05/01,13:32:14
641,50.900856,12.440772,197.7,2005/05/01,13:32:19
642,50.900120,12.440472,198.2,2005/05/01,13:32:24
643,50.899586,12.440054,198.6,2005/05/01,13:32:28
644,50.899120,12.439320,198.2,2005/05/01,13:32:33
645,50.898750,12.438750,198.2,2005/05/01,13:32:38
646,50.898304,12.438202,198.2,2005/05/01,13:32:43
647,50.897388,12.437213,197.2,2005/05/01,13:32:53
648,50.896416,12.436162,197.2,2005/05/01,13:33:04
649,50.895657,12.435360,197.2,2005/05/01,13:33:13
650,50.895157,12.434977,197.2,2005/05/01,13:33:18
651,50.894321,12.434528,198.2,2005/05/01,13:33:26
652,50.893486,12.434103,197.7,2005/05/01,13:33:35
653,50.892708,12.433713,197.7,2005/05/01,13:33:42
654,50.891907,12.433443,199.1,2005/05/01,13:33:49
655,50.891068,12.433517,200.1,2005/05/01,13:33:56
656,50.890575,12.433571,201.1,2005/05/01,13:34:01
657,50.890232,12.433617,201.1,2005/05/01,13:34:06
658,50.889767,12.433695,201.5,2005/05/01,13:34:12
659,50.889084,12.433862,200.1,2005/05/01,13:34:20
660,50.888645,12.433987,201.1,2005/05/01,13:34:26
661,50.888500,12.433783,200.1,2005/05/01,13:34:30
662,50.888489,12.433669,199.6,2005/05/01,13:34:31
663,50.888355,12.432541,196.7,2005/05/01,13:34:39
664,50.888344,12.432405,196.2,2005/05/01,13:34:40
665,50.888245,12.432019,195.3,2005/05/01,13:34:43
666,50.887798,12.431005,194.8,2005/05/01,13:34:52
667,50.887535,12.430779,194.8,2005/05/01,13:34:56
668,50.887260,12.430858,195.3,2005/05/01,13:34:59
669,50.886707,12.431030,197.7,2005/05/01,13:35:05
670,50.886124,12.430958,198.2,2005/05/01,13:35:11
671,50.885391,12.430669,197.7,2005/05/01,13:35:19
672,50.885315,12.430651,197.7,2005/05/01,13:35:20
673,50.885067,12.430644,198.2,2005/05/01,13:35:23
674,50.884541,12.430359,198.6,2005/05/01,13:35:29
675,50.884167,12.430138,198.6,2005/05/01,13:35:33
676,50.883690,12.430124,199.1,2005/05/01,13:35:38
677,50.883232,12.430457,199.6,2005/05/01,13:35:43
678,50.882935,12.430655,200.1,2005/05/01,13:35:46
679,50.882198,12.431007,201.1,2005/05/01,13:35:53
680,50.882099,12.431078,201.1,2005/05/01,13:35:54
681,50.881550,12.431629,202.5,2005/05/01,13:35:59
682,50.880905,12.432232,204.4,2005/05/01,13:36:04
683,50.880264,12.432622,206.3,2005/05/01,13:36:11
684,50.879581,12.432925,207.8,2005/05/01,13:36:17
685,50.878838,12.433235,210.7,2005/05/01,13:36:22
686,50.878117,12.433547,213.1,2005/05/01,13:36:26
687,50.877319,12.433900,214.5,2005/05/01,13:36:31
688,50.876637,12.434318,214.0,2005/05/01,13:36:36
689,50.875813,12.434859,213.6,2005/05/01,13:36:43
690,50.875359,12.435158,214.5,2005/05/01,13:36:48
691,50.874699,12.435129,216.0,2005/05/01,13:36:55
692,50.874043,12.435033,217.4,2005/05/01,13:37:01
693,50.873161,12.434813,220.8,2005/05/01,13:37:08
694,50.872601,12.434662,221.2,2005/05/01,13:37:13
695,50.872162,12.434336,221.2,2005/05/01,13:37:17
696,50.872063,12.434205,221.2,2005/05/01,13:37:18
697,50.871346,12.433400,220.3,2005/05/01,13:37:25
698,50.870609,12.432751,219.3,2005/05/01,13:37:31
699,50.869957,12.432055,217.9,2005/05/01,13:37:36
700,50.869408,12.431467,217.9,2005/05/01,13:37:41
701,50.868217,12.430463,218.4,2005/05/01,13:37:52
702,50.867180,12.429664,218.4,2005/05/01,13:38:01
703,50.866356,12.429272,217.4,2005/05/01,13:38:08
704,50.865707,12.429124,218.4,2005/05/01,13:38:13
705,50.864819,12.429064,222.7,2005/05/01,13:38:19
706,50.864143,12.429017,227.0,2005/05/01,13:38:24
707,50.863506,12.428683,231.3,2005/05/01,13:38:29
708,50.862461,12.428125,238.5,2005/05/01,13:38:37
709,50.861721,12.427792,234.7,2005/05/01,13:38:43
710,50.860966,12.427362,231.3,2005/05/01,13:38:50
711,50.860394,12.426870,229.9,2005/05/01,13:38:56
712,50.859940,12.426538,228.9,2005/05/01,13:39:02
713,50.859798,12.426484,228.5,2005/05/01,13:39:04
714,50.859486,12.426488,228.0,2005/05/01,13:39:08
715,50.859169,12.426579,226.0,2005/05/01,13:39:12
716,50.858791,12.426404,222.2,2005/05/01,13:39:17
717,50.858723,12.426191,221.2,2005/05/01,13:39:19
718,50.858528,12.425201,216.0,2005/05/01,13:39:28
719,50.858467,12.424849,214.0,2005/05/01,13:39:31
720,50.858307,12.424504,212.1,2005/05/01,13:39:35
721,50.858040,12.424475,212.6,2005/05/01,13:39:47
722,50.857944,12.424237,211.6,2005/05/01,13:39:52
723,50.857944,12.423774,207.8,2005/05/01,13:40:00
724,50.857986,12.423327,206.3,2005/05/01,13:40:04
725,50.858105,12.422577,204.4,2005/05/01,13:40:11
726,50.858223,12.421652,204.4,2005/05/01,13:40:20
727,50.858166,12.421063,204.4,2005/05/01,13:40:25
728,50.858044,12.420882,204.9,2005/05/01,13:40:27
729,50.857681,12.420416,205.9,2005/05/01,13:40:34
730,50.857651,12.420360,206.3,2005/05/01,13:40:35
731,50.857502,12.419925,207.3,2005/05/01,13:40:41
732,50.857471,12.419117,207.8,2005/05/01,13:40:50
733,50.857479,12.418595,206.8,2005/05/01,13:40:57
734,50.857487,12.418415,206.3,2005/05/01,13:41:02
735,50.857498,12.418178,205.4,2005/05/01,13:41:09
736,50.857506,12.417914,205.9,2005/05/01,13:41:22
737,50.857510,12.417801,207.8,2005/05/01,13:42:12
738,50.857708,12.417912,203.9,2005/05/01,13:46:49
739,50.857712,12.417962,203.9,2005/05/01,13:47:08
740,50.857708,12.417970,209.2,2005/05/01,13:48:02
741,50.857792,12.417925,221.7,2005/05/01,14:08:06
742,50.857719,12.417854,218.8,2005/05/01,14:19:32
743,50.857780,12.417968,198.6,2005/05/01,14:34:27
744,50.857700,12.417844,217.4,2005/05/01,14:52:06
745,50.857769,12.417910,209.7,2005/05/01,14:53:36
746,50.857777,12.417942,208.3,2005/05/01,14:53:47
747,50.857784,12.417961,208.3,2005/05/01,14:54:00
