No,Latitude,Longitude,Altitude,Heartrate,Date,Time
1,34.1738977,-118.7587927,308.7,107,2008/08/21,13:08:52
2,34.1740304,-118.7588381,310.6,107,2008/08/21,13:08:54
3,34.1741650,-118.7588839,308.7,106,2008/08/21,13:08:56
4,34.1742328,-118.7589071,307.8,106,2008/08/21,13:08:57
5,34.1750606,-118.7591819,307.8,106,2008/08/21,13:09:09
6,34.1756520,-118.7593847,310.2,108,2008/08/21,13:09:18
7,34.1761218,-118.7595400,312.6,113,2008/08/21,13:09:26
8,34.1766259,-118.7596950,315.0,120,2008/08/21,13:09:35
9,34.1767360,-118.7597250,315.4,120,2008/08/21,13:09:37
10,34.1771107,-118.7598446,318.3,126,2008/08/21,13:09:44
11,34.1771643,-118.7598638,318.8,125,2008/08/21,13:09:45
12,34.1775865,-118.7599996,321.2,130,2008/08/21,13:09:53
13,34.1776373,-118.7600174,321.2,130,2008/08/21,13:09:54
14,34.1781563,-118.7601888,322.7,131,2008/08/21,13:10:04
15,34.1787130,-118.7603743,325.1,130,2008/08/21,13:10:15
16,34.1792104,-118.7605746,326.0,131,2008/08/21,13:10:25
17,34.1796802,-118.7608642,327.0,130,2008/08/21,13:10:35
18,34.1801067,-118.7612415,328.4,128,2008/08/21,13:10:45
19,34.1804213,-118.7616163,329.9,127,2008/08/21,13:10:53
20,34.1807601,-118.7621443,331.8,128,2008/08/21,13:11:03
21,34.1808999,-118.7624341,331.8,127,2008/08/21,13:11:08
22,34.1810545,-118.7628014,332.3,126,2008/08/21,13:11:14
23,34.1811995,-118.7633471,333.2,124,2008/08/21,13:11:22
24,34.1812687,-118.7637796,332.3,118,2008/08/21,13:11:28
25,34.1813003,-118.7643151,331.3,116,2008/08/21,13:11:35
26,34.1813047,-118.7649227,330.8,112,2008/08/21,13:11:42
27,34.1813156,-118.7653010,329.4,111,2008/08/21,13:11:46
28,34.1813192,-118.7659211,327.5,109,2008/08/21,13:11:52
29,34.1813233,-118.7668844,324.6,105,2008/08/21,13:12:01
30,34.1813243,-118.7673317,322.7,104,2008/08/21,13:12:05
31,34.1813244,-118.7678869,321.2,102,2008/08/21,13:12:10
32,34.1813320,-118.7685671,321.2,103,2008/08/21,13:12:16
33,34.1813395,-118.7692250,322.2,105,2008/08/21,13:12:22
34,34.1813414,-118.7699004,324.1,106,2008/08/21,13:12:29
35,34.1813155,-118.7703217,326.5,114,2008/08/21,13:12:34
36,34.1813057,-118.7704003,326.5,115,2008/08/21,13:12:35
37,34.1812533,-118.7706914,328.9,117,2008/08/21,13:12:39
38,34.1811933,-118.7709545,329.4,122,2008/08/21,13:12:43
39,34.1811196,-118.7712097,332.3,123,2008/08/21,13:12:47
40,34.1810988,-118.7712720,332.3,124,2008/08/21,13:12:48
41,34.1810089,-118.7715125,334.2,128,2008/08/21,13:12:52
42,34.1807911,-118.7720075,335.6,131,2008/08/21,13:13:00
43,34.1806815,-118.7722658,336.6,134,2008/08/21,13:13:04
44,34.1805754,-118.7725198,339.0,139,2008/08/21,13:13:08
45,34.1805488,-118.7725823,339.0,140,2008/08/21,13:13:09
46,34.1804976,-118.7727042,340.0,142,2008/08/21,13:13:11
47,34.1803640,-118.7730067,341.9,147,2008/08/21,13:13:16
48,34.1802096,-118.7733883,344.3,150,2008/08/21,13:13:23
49,34.1800857,-118.7737099,345.7,150,2008/08/21,13:13:29
50,34.1799502,-118.7740469,347.7,151,2008/08/21,13:13:35
51,34.1797893,-118.7744051,348.6,152,2008/08/21,13:13:40
52,34.1795125,-118.7750430,349.6,154,2008/08/21,13:13:48
53,34.1793181,-118.7755162,348.1,154,2008/08/21,13:13:53
54,34.1791389,-118.7760500,348.1,153,2008/08/21,13:13:58
55,34.1790244,-118.7766219,346.7,152,2008/08/21,13:14:03
56,34.1789798,-118.7772189,345.3,150,2008/08/21,13:14:08
57,34.1789919,-118.7778390,343.8,147,2008/08/21,13:14:13
58,34.1790818,-118.7784507,343.3,145,2008/08/21,13:14:18
59,34.1792626,-118.7791516,341.9,140,2008/08/21,13:14:24
60,34.1795010,-118.7797070,340.0,138,2008/08/21,13:14:29
61,34.1798606,-118.7803153,340.4,136,2008/08/21,13:14:35
62,34.1803415,-118.7808843,341.9,134,2008/08/21,13:14:42
63,34.1807671,-118.7812504,343.3,133,2008/08/21,13:14:48
64,34.1809752,-118.7813966,344.8,132,2008/08/21,13:14:51
65,34.1813773,-118.7816197,346.7,132,2008/08/21,13:14:57
66,34.1818103,-118.7817939,349.6,134,2008/08/21,13:15:03
67,34.1820184,-118.7818877,350.5,136,2008/08/21,13:15:06
68,34.1822951,-118.7820137,352.9,140,2008/08/21,13:15:10
69,34.1828400,-118.7822721,355.8,145,2008/08/21,13:15:18
70,34.1832057,-118.7825233,356.8,147,2008/08/21,13:15:24
71,34.1835727,-118.7828392,358.7,148,2008/08/21,13:15:31
72,34.1838886,-118.7832131,359.2,146,2008/08/21,13:15:38
73,34.1841461,-118.7836184,359.2,145,2008/08/21,13:15:44
74,34.1843738,-118.7840826,358.7,143,2008/08/21,13:15:50
75,34.1846159,-118.7847427,356.8,141,2008/08/21,13:15:57
76,34.1848604,-118.7853963,357.3,138,2008/08/21,13:16:04
77,34.1851590,-118.7861774,358.7,136,2008/08/21,13:16:13
78,34.1854646,-118.7869652,359.2,134,2008/08/21,13:16:22
79,34.1858304,-118.7877128,359.7,132,2008/08/21,13:16:31
80,34.1863133,-118.7885436,359.7,132,2008/08/21,13:16:41
81,34.1866889,-118.7891588,361.1,130,2008/08/21,13:16:49
82,34.1869961,-118.7895320,363.5,129,2008/08/21,13:16:55
83,34.1873260,-118.7898309,366.4,131,2008/08/21,13:17:01
84,34.1875866,-118.7900178,368.3,136,2008/08/21,13:17:06
85,34.1877418,-118.7901080,369.8,139,2008/08/21,13:17:09
86,34.1877917,-118.7901374,370.2,140,2008/08/21,13:17:10
87,34.1881111,-118.7902850,373.6,145,2008/08/21,13:17:16
88,34.1883665,-118.7903823,375.1,150,2008/08/21,13:17:21
89,34.1885629,-118.7904560,377.0,151,2008/08/21,13:17:25
90,34.1886594,-118.7904929,377.9,152,2008/08/21,13:17:27
91,34.1888013,-118.7905505,378.9,153,2008/08/21,13:17:30
92,34.1891886,-118.7907102,381.3,155,2008/08/21,13:17:38
93,34.1895331,-118.7908742,384.2,156,2008/08/21,13:17:45
94,34.1898721,-118.7910974,387.5,158,2008/08/21,13:17:52
95,34.1902273,-118.7914030,390.0,160,2008/08/21,13:18:00
96,34.1904989,-118.7917211,391.9,161,2008/08/21,13:18:07
97,34.1908361,-118.7921798,394.8,160,2008/08/21,13:18:16
98,34.1910354,-118.7925655,395.7,159,2008/08/21,13:18:22
99,34.1910685,-118.7926357,395.7,159,2008/08/21,13:18:23
100,34.1911235,-118.7927788,396.2,159,2008/08/21,13:18:25
101,34.1912423,-118.7931373,396.2,158,2008/08/21,13:18:30
102,34.1913997,-118.7937572,396.2,156,2008/08/21,13:18:38
103,34.1914668,-118.7944085,396.2,154,2008/08/21,13:18:46
104,34.1915015,-118.7951353,396.7,152,2008/08/21,13:18:54
105,34.1915338,-118.7959024,396.7,150,2008/08/21,13:19:02
106,34.1915980,-118.7967855,398.1,148,2008/08/21,13:19:11
107,34.1917561,-118.7974740,398.1,147,2008/08/21,13:19:18
108,34.1920366,-118.7981335,398.6,146,2008/08/21,13:19:25
109,34.1924581,-118.7990160,399.6,145,2008/08/21,13:19:34
110,34.1927785,-118.7996625,400.5,145,2008/08/21,13:19:41
111,34.1928214,-118.7997482,401.0,145,2008/08/21,13:19:42
112,34.1930872,-118.8002746,404.4,146,2008/08/21,13:19:48
113,34.1933146,-118.8006840,405.8,146,2008/08/21,13:19:53
114,34.1937219,-118.8012823,406.8,147,2008/08/21,13:20:01
115,34.1941787,-118.8018051,407.7,147,2008/08/21,13:20:09
116,34.1947491,-118.8024124,410.1,146,2008/08/21,13:20:19
117,34.1951453,-118.8028539,412.1,147,2008/08/21,13:20:26
118,34.1955674,-118.8034840,414.5,149,2008/08/21,13:20:35
119,34.1958075,-118.8040306,416.4,150,2008/08/21,13:20:42
120,34.1959720,-118.8045939,418.3,150,2008/08/21,13:20:49
121,34.1960644,-118.8052411,420.2,150,2008/08/21,13:20:57
122,34.1961110,-118.8059413,420.7,149,2008/08/21,13:21:05
123,34.1961802,-118.8068143,418.8,147,2008/08/21,13:21:14
124,34.1961919,-118.8069222,418.8,147,2008/08/21,13:21:15
125,34.1962487,-118.8075269,415.9,146,2008/08/21,13:21:20
126,34.1962732,-118.8077974,415.4,145,2008/08/21,13:21:22
127,34.1963263,-118.8082276,412.1,144,2008/08/21,13:21:25
128,34.1963864,-118.8085247,410.6,143,2008/08/21,13:21:27
129,34.1965741,-118.8091402,407.7,140,2008/08/21,13:21:31
130,34.1968516,-118.8097010,407.3,137,2008/08/21,13:21:35
131,34.1971858,-118.8101703,406.3,132,2008/08/21,13:21:39
132,34.1976691,-118.8106496,404.4,130,2008/08/21,13:21:44
133,34.1983819,-118.8113231,402.0,130,2008/08/21,13:21:51
134,34.1988358,-118.8118881,401.0,130,2008/08/21,13:21:56
135,34.1991271,-118.8124382,397.6,130,2008/08/21,13:22:00
136,34.1991895,-118.8125915,397.6,130,2008/08/21,13:22:01
137,34.1993870,-118.8132338,396.2,131,2008/08/21,13:22:05
138,34.1994934,-118.8138936,397.2,132,2008/08/21,13:22:09
139,34.1995319,-118.8147022,397.2,135,2008/08/21,13:22:14
140,34.1995643,-118.8159142,397.6,139,2008/08/21,13:22:22
141,34.1995866,-118.8166777,395.7,137,2008/08/21,13:22:27
142,34.1995951,-118.8170054,392.4,136,2008/08/21,13:22:29
143,34.1996112,-118.8176867,388.0,134,2008/08/21,13:22:33
144,34.1996167,-118.8178619,388.5,134,2008/08/21,13:22:34
145,34.1995939,-118.8185727,384.7,131,2008/08/21,13:22:38
146,34.1994921,-118.8191104,381.8,129,2008/08/21,13:22:41
147,34.1994423,-118.8192840,381.3,128,2008/08/21,13:22:42
148,34.1991732,-118.8199438,379.4,125,2008/08/21,13:22:46
149,34.1989103,-118.8203635,378.4,123,2008/08/21,13:22:49
150,34.1985213,-118.8208114,379.4,122,2008/08/21,13:22:53
151,34.1979096,-118.8213322,379.4,121,2008/08/21,13:22:59
152,34.1974338,-118.8217657,377.5,119,2008/08/21,13:23:04
153,34.1972749,-118.8219630,376.5,117,2008/08/21,13:23:06
154,34.1970764,-118.8222491,374.6,112,2008/08/21,13:23:09
155,34.1970185,-118.8223370,374.6,113,2008/08/21,13:23:10
156,34.1969140,-118.8225261,375.5,109,2008/08/21,13:23:13
157,34.1968533,-118.8226447,375.5,108,2008/08/21,13:23:17
158,34.1968116,-118.8227297,375.5,107,2008/08/21,13:23:23
159,34.1967804,-118.8227499,375.1,102,2008/08/21,13:23:35
160,34.1967295,-118.8228483,374.1,102,2008/08/21,13:23:39
161,34.1965514,-118.8229742,374.1,106,2008/08/21,13:23:44
162,34.1964473,-118.8229623,373.1,110,2008/08/21,13:23:46
163,34.1959595,-118.8228990,372.6,113,2008/08/21,13:23:53
164,34.1954619,-118.8229245,372.6,116,2008/08/21,13:23:59
165,34.1949733,-118.8230600,371.7,120,2008/08/21,13:24:05
166,34.1944547,-118.8233110,370.7,120,2008/08/21,13:24:11
167,34.1941750,-118.8234517,369.3,120,2008/08/21,13:24:14
168,34.1934995,-118.8237956,367.4,119,2008/08/21,13:24:21
169,34.1929603,-118.8239758,365.4,118,2008/08/21,13:24:26
170,34.1923850,-118.8240453,364.0,116,2008/08/21,13:24:31
171,34.1918944,-118.8240050,362.6,116,2008/08/21,13:24:35
172,34.1913638,-118.8238552,359.2,117,2008/08/21,13:24:39
173,34.1910907,-118.8237325,356.3,118,2008/08/21,13:24:41
174,34.1909547,-118.8236582,355.8,118,2008/08/21,13:24:42
175,34.1904383,-118.8232811,353.4,121,2008/08/21,13:24:46
176,34.1901876,-118.8230638,349.1,123,2008/08/21,13:24:48
177,34.1900600,-118.8229534,349.1,123,2008/08/21,13:24:49
178,34.1899290,-118.8228427,345.7,123,2008/08/21,13:24:50
179,34.1897976,-118.8227322,345.7,123,2008/08/21,13:24:51
180,34.1893959,-118.8223991,342.4,123,2008/08/21,13:24:54
181,34.1889744,-118.8220960,339.5,123,2008/08/21,13:24:57
182,34.1883445,-118.8218304,337.6,122,2008/08/21,13:25:01
183,34.1876985,-118.8217452,337.6,121,2008/08/21,13:25:05
184,34.1870806,-118.8218091,335.6,121,2008/08/21,13:25:09
185,34.1862487,-118.8219858,336.1,121,2008/08/21,13:25:15
186,34.1850309,-118.8222328,335.2,124,2008/08/21,13:25:24
187,34.1842558,-118.8223566,335.2,128,2008/08/21,13:25:30
188,34.1833848,-118.8223738,333.2,129,2008/08/21,13:25:37
189,34.1832581,-118.8223660,333.2,129,2008/08/21,13:25:38
190,34.1827288,-118.8223091,331.3,129,2008/08/21,13:25:42
191,34.1824572,-118.8222601,329.9,128,2008/08/21,13:25:44
192,34.1817698,-118.8220925,325.5,126,2008/08/21,13:25:49
193,34.1814915,-118.8220020,324.6,124,2008/08/21,13:25:51
194,34.1809355,-118.8217800,321.2,121,2008/08/21,13:25:55
195,34.1805183,-118.8215819,319.8,120,2008/08/21,13:25:58
196,34.1798102,-118.8212393,315.9,119,2008/08/21,13:26:03
197,34.1792353,-118.8209678,314.5,118,2008/08/21,13:26:07
198,34.1784076,-118.8205866,315.9,120,2008/08/21,13:26:13
199,34.1780371,-118.8204763,317.9,121,2008/08/21,13:26:16
200,34.1774310,-118.8203903,317.4,126,2008/08/21,13:26:21
201,34.1767902,-118.8203994,317.4,127,2008/08/21,13:26:26
202,34.1761505,-118.8204814,316.4,129,2008/08/21,13:26:31
203,34.1754718,-118.8205654,313.5,132,2008/08/21,13:26:36
204,34.1745980,-118.8206488,310.6,134,2008/08/21,13:26:42
205,34.1737406,-118.8206109,309.7,135,2008/08/21,13:26:48
206,34.1731013,-118.8205165,311.1,134,2008/08/21,13:26:53
207,34.1724074,-118.8203846,312.6,133,2008/08/21,13:26:59
208,34.1716421,-118.8202852,312.1,132,2008/08/21,13:27:06
209,34.1711502,-118.8202575,312.6,131,2008/08/21,13:27:11
210,34.1708799,-118.8204085,311.1,129,2008/08/21,13:27:15
211,34.1708512,-118.8207636,309.2,130,2008/08/21,13:27:18
212,34.1708492,-118.8213985,303.4,131,2008/08/21,13:27:22
213,34.1708676,-118.8217665,300.1,133,2008/08/21,13:27:24
214,34.1708935,-118.8219552,297.7,134,2008/08/21,13:27:25
215,34.1711227,-118.8226706,298.1,140,2008/08/21,13:27:29
216,34.1713608,-118.8231369,298.1,146,2008/08/21,13:27:32
217,34.1717452,-118.8238500,300.5,149,2008/08/21,13:27:37
218,34.1719446,-118.8242272,302.5,150,2008/08/21,13:27:40
219,34.1721847,-118.8246733,305.8,150,2008/08/21,13:27:44
220,34.1726336,-118.8255127,308.2,151,2008/08/21,13:27:52
221,34.1729061,-118.8261618,309.2,153,2008/08/21,13:27:58
222,34.1730194,-118.8267474,310.6,154,2008/08/21,13:28:03
223,34.1730229,-118.8273201,312.1,155,2008/08/21,13:28:08
224,34.1729185,-118.8278839,311.6,154,2008/08/21,13:28:13
225,34.1726923,-118.8284608,309.7,153,2008/08/21,13:28:18
226,34.1724296,-118.8289401,305.4,151,2008/08/21,13:28:22
227,34.1722130,-118.8293457,302.0,151,2008/08/21,13:28:25
228,34.1719805,-118.8297846,298.1,149,2008/08/21,13:28:28
229,34.1718363,-118.8301059,295.3,147,2008/08/21,13:28:30
230,34.1717296,-118.8304618,291.9,146,2008/08/21,13:28:32
231,34.1716478,-118.8310526,288.1,145,2008/08/21,13:28:35
232,34.1716842,-118.8316751,285.2,142,2008/08/21,13:28:38
233,34.1717232,-118.8318787,283.7,142,2008/08/21,13:28:39
234,34.1718396,-118.8322683,283.2,140,2008/08/21,13:28:41
235,34.1720801,-118.8327893,283.2,136,2008/08/21,13:28:44
236,34.1724035,-118.8334276,285.2,135,2008/08/21,13:28:48
237,34.1730198,-118.8345987,285.6,137,2008/08/21,13:28:56
238,34.1735310,-118.8353520,285.2,138,2008/08/21,13:29:02
239,34.1741739,-118.8361875,281.3,135,2008/08/21,13:29:09
240,34.1742686,-118.8363103,281.3,135,2008/08/21,13:29:10
241,34.1750134,-118.8372836,279.9,130,2008/08/21,13:29:18
242,34.1756611,-118.8380434,280.8,128,2008/08/21,13:29:25
243,34.1763007,-118.8385606,279.4,128,2008/08/21,13:29:31
244,34.1773526,-118.8393035,278.0,130,2008/08/21,13:29:40
245,34.1780252,-118.8397937,279.4,132,2008/08/21,13:29:46
246,34.1788493,-118.8403990,278.4,132,2008/08/21,13:29:54
247,34.1792219,-118.8407736,278.4,131,2008/08/21,13:29:58
248,34.1795133,-118.8412407,278.4,131,2008/08/21,13:30:02
249,34.1797210,-118.8417637,278.4,131,2008/08/21,13:30:06
250,34.1799409,-118.8424636,276.0,129,2008/08/21,13:30:11
251,34.1799984,-118.8426114,275.6,129,2008/08/21,13:30:12
252,34.1801967,-118.8430787,271.7,128,2008/08/21,13:30:15
253,34.1803460,-118.8434064,270.3,128,2008/08/21,13:30:17
254,34.1807125,-118.8442403,266.9,128,2008/08/21,13:30:22
255,34.1808564,-118.8445648,265.9,128,2008/08/21,13:30:24
256,34.1812739,-118.8454851,266.9,126,2008/08/21,13:30:30
257,34.1815709,-118.8459979,265.9,123,2008/08/21,13:30:34
258,34.1818595,-118.8464131,264.5,120,2008/08/21,13:30:38
259,34.1820583,-118.8466670,264.0,114,2008/08/21,13:30:41
260,34.1822624,-118.8469333,263.1,111,2008/08/21,13:30:45
261,34.1823714,-118.8471232,262.1,107,2008/08/21,13:30:49
262,34.1824089,-118.8472031,262.1,106,2008/08/21,13:30:54
263,34.1824159,-118.8472153,262.1,106,2008/08/21,13:30:56
264,34.1824157,-118.8472107,262.1,106,2008/08/21,13:30:59
265,34.1824154,-118.8472077,262.1,107,2008/08/21,13:31:00
266,34.1824163,-118.8472170,262.1,109,2008/08/21,13:31:08
267,34.1824096,-118.8472119,262.6,109,2008/08/21,13:31:23
268,34.1824024,-118.8472102,262.6,104,2008/08/21,13:31:32
269,34.1824122,-118.8472339,262.1,101,2008/08/21,13:31:45
270,34.1824633,-118.8474023,262.1,103,2008/08/21,13:31:50
271,34.1824905,-118.8477154,260.7,107,2008/08/21,13:31:54
272,34.1824687,-118.8480187,260.2,112,2008/08/21,13:31:57
273,34.1824303,-118.8482282,260.2,117,2008/08/21,13:31:59
274,34.1823061,-118.8486496,260.2,119,2008/08/21,13:32:03
275,34.1822791,-118.8490890,259.7,123,2008/08/21,13:32:07
276,34.1824226,-118.8497506,256.8,123,2008/08/21,13:32:13
277,34.1824534,-118.8498697,256.8,123,2008/08/21,13:32:14
278,34.1826109,-118.8506396,254.4,122,2008/08/21,13:32:20
279,34.1827162,-118.8514362,253.4,117,2008/08/21,13:32:26
280,34.1826558,-118.8519253,253.4,112,2008/08/21,13:32:30
281,34.1825655,-118.8524495,256.3,109,2008/08/21,13:32:35
282,34.1824764,-118.8529094,258.7,110,2008/08/21,13:32:40
283,34.1824008,-118.8532835,260.2,114,2008/08/21,13:32:44
284,34.1823384,-118.8535742,261.1,119,2008/08/21,13:32:47
285,34.1822515,-118.8540796,261.1,124,2008/08/21,13:32:52
286,34.1821745,-118.8545019,260.2,129,2008/08/21,13:32:56
287,34.1820911,-118.8549676,258.7,130,2008/08/21,13:33:00
288,34.1819474,-118.8558536,254.9,128,2008/08/21,13:33:07
289,34.1818207,-118.8565555,252.0,125,2008/08/21,13:33:12
290,34.1817676,-118.8568451,250.6,122,2008/08/21,13:33:14
291,34.1816848,-118.8572519,248.6,115,2008/08/21,13:33:17
292,34.1816061,-118.8574884,247.7,112,2008/08/21,13:33:19
293,34.1814706,-118.8577633,247.2,110,2008/08/21,13:33:22
294,34.1813851,-118.8579179,247.2,105,2008/08/21,13:33:24
295,34.1812731,-118.8581444,246.7,101,2008/08/21,13:33:28
296,34.1811538,-118.8585133,245.8,102,2008/08/21,13:33:33
297,34.1810996,-118.8589479,244.3,103,2008/08/21,13:33:38
298,34.1811162,-118.8593131,243.8,101,2008/08/21,13:33:43
299,34.1811411,-118.8594605,243.4,98,2008/08/21,13:33:47
300,34.1811729,-118.8595786,243.4,97,2008/08/21,13:33:53
301,34.1811809,-118.8596160,243.4,98,2008/08/21,13:34:00
302,34.1812085,-118.8596803,243.4,98,2008/08/21,13:34:12
303,34.1812950,-118.8598952,242.4,101,2008/08/21,13:34:17
304,34.1814057,-118.8601528,242.4,104,2008/08/21,13:34:21
305,34.1815228,-118.8604485,242.9,109,2008/08/21,13:34:26
306,34.1815615,-118.8605304,242.9,109,2008/08/21,13:34:29
307,34.1816228,-118.8606866,242.9,108,2008/08/21,13:34:34
308,34.1816790,-118.8608073,243.4,105,2008/08/21,13:34:39
309,34.1817269,-118.8610286,243.4,105,2008/08/21,13:34:45
310,34.1817698,-118.8614056,244.3,106,2008/08/21,13:34:51
311,34.1817642,-118.8618105,245.3,110,2008/08/21,13:34:57
312,34.1817284,-118.8622788,243.8,113,2008/08/21,13:35:03
313,34.1816786,-118.8628707,241.4,113,2008/08/21,13:35:09
314,34.1815988,-118.8637840,239.5,111,2008/08/21,13:35:17
315,34.1815008,-118.8649034,237.1,106,2008/08/21,13:35:26
316,34.1813718,-118.8659291,236.1,101,2008/08/21,13:35:34
317,34.1813180,-118.8665518,234.2,98,2008/08/21,13:35:39
318,34.1812872,-118.8669494,233.7,98,2008/08/21,13:35:42
319,34.1812545,-118.8677054,233.7,98,2008/08/21,13:35:48
320,34.1812488,-118.8679411,233.3,95,2008/08/21,13:35:51
321,34.1812430,-118.8681064,233.7,92,2008/08/21,13:35:55
322,34.1812462,-118.8682235,234.2,92,2008/08/21,13:36:01
323,34.1812415,-118.8682348,234.2,94,2008/08/21,13:36:09
324,34.1812413,-118.8683404,233.7,94,2008/08/21,13:36:13
325,34.1812349,-118.8685518,233.3,96,2008/08/21,13:36:17
326,34.1812177,-118.8689490,232.8,99,2008/08/21,13:36:22
327,34.1811989,-118.8693496,230.9,104,2008/08/21,13:36:26
328,34.1811919,-118.8695804,229.9,105,2008/08/21,13:36:28
329,34.1811924,-118.8699489,227.0,109,2008/08/21,13:36:31
330,34.1812289,-118.8708948,224.6,111,2008/08/21,13:36:38
331,34.1812613,-118.8718928,224.1,112,2008/08/21,13:36:45
332,34.1812192,-118.8728373,223.2,113,2008/08/21,13:36:52
333,34.1810768,-118.8738609,223.2,110,2008/08/21,13:37:00
334,34.1810637,-118.8743427,223.6,109,2008/08/21,13:37:04
335,34.1811306,-118.8749925,222.2,105,2008/08/21,13:37:10
336,34.1812409,-118.8758278,221.7,105,2008/08/21,13:37:17
337,34.1812719,-118.8764080,222.2,107,2008/08/21,13:37:22
338,34.1811783,-118.8769502,222.2,109,2008/08/21,13:37:27
339,34.1809914,-118.8774582,221.7,110,2008/08/21,13:37:32
340,34.1806629,-118.8783338,221.2,111,2008/08/21,13:37:41
341,34.1805251,-118.8789872,219.8,111,2008/08/21,13:37:47
342,34.1804944,-118.8795202,219.3,109,2008/08/21,13:37:52
343,34.1805016,-118.8797025,219.3,107,2008/08/21,13:37:55
344,34.1805076,-118.8797978,219.3,105,2008/08/21,13:37:57
345,34.1805760,-118.8802127,218.4,103,2008/08/21,13:38:03
346,34.1807313,-118.8807705,218.4,105,2008/08/21,13:38:10
347,34.1809862,-118.8813114,219.3,109,2008/08/21,13:38:17
348,34.1813140,-118.8817988,219.8,111,2008/08/21,13:38:24
349,34.1816830,-118.8822593,219.8,114,2008/08/21,13:38:31
350,34.1822055,-118.8829007,219.8,114,2008/08/21,13:38:40
351,34.1828223,-118.8836783,219.3,115,2008/08/21,13:38:50
352,34.1833891,-118.8843234,216.9,115,2008/08/21,13:38:58
353,34.1840611,-118.8848588,216.0,115,2008/08/21,13:39:06
354,34.1849212,-118.8855454,214.0,114,2008/08/21,13:39:16
355,34.1853927,-118.8858233,212.6,113,2008/08/21,13:39:21
356,34.1861802,-118.8862241,211.1,112,2008/08/21,13:39:29
357,34.1866278,-118.8866097,209.2,112,2008/08/21,13:39:34
358,34.1870080,-118.8870898,209.2,112,2008/08/21,13:39:39
359,34.1873721,-118.8877581,207.8,112,2008/08/21,13:39:45
360,34.1876575,-118.8884562,207.3,113,2008/08/21,13:39:51
361,34.1877622,-118.8890799,206.3,112,2008/08/21,13:39:56
362,34.1877527,-118.8897131,205.9,113,2008/08/21,13:40:01
363,34.1876310,-118.8903301,205.4,114,2008/08/21,13:40:06
364,34.1873854,-118.8908936,203.9,117,2008/08/21,13:40:11
365,34.1873219,-118.8910028,203.5,118,2008/08/21,13:40:12
366,34.1869038,-118.8914888,203.5,122,2008/08/21,13:40:17
367,34.1865892,-118.8917264,202.5,123,2008/08/21,13:40:21
368,34.1863346,-118.8918665,201.5,122,2008/08/21,13:40:25
369,34.1861719,-118.8919499,201.5,120,2008/08/21,13:40:29
370,34.1860712,-118.8920094,201.1,115,2008/08/21,13:40:34
371,34.1860283,-118.8920306,201.1,111,2008/08/21,13:40:40
372,34.1860223,-118.8920286,200.6,105,2008/08/21,13:40:48
373,34.1860113,-118.8920249,200.1,100,2008/08/21,13:41:02
374,34.1860092,-118.8920252,200.6,95,2008/08/21,13:41:12
375,34.1859616,-118.8920627,200.1,94,2008/08/21,13:41:16
376,34.1858044,-118.8922025,200.1,96,2008/08/21,13:41:21
377,34.1855713,-118.8924361,199.6,101,2008/08/21,13:41:26
378,34.1853414,-118.8928112,199.1,102,2008/08/21,13:41:31
379,34.1851483,-118.8932890,198.6,104,2008/08/21,13:41:36
380,34.1850188,-118.8939652,196.7,108,2008/08/21,13:41:42
381,34.1850401,-118.8945821,194.8,111,2008/08/21,13:41:47
382,34.1851536,-118.8954905,194.3,116,2008/08/21,13:41:54
383,34.1852098,-118.8964648,192.4,118,2008/08/21,13:42:01
384,34.1852065,-118.8967626,191.0,118,2008/08/21,13:42:03
385,34.1851405,-118.8976493,191.0,122,2008/08/21,13:42:09
386,34.1850267,-118.8988143,191.9,127,2008/08/21,13:42:17
387,34.1849637,-118.8995053,194.3,131,2008/08/21,13:42:22
388,34.1849513,-118.8996329,194.3,132,2008/08/21,13:42:23
389,34.1848979,-118.9001400,196.2,138,2008/08/21,13:42:27
390,34.1848873,-118.9002624,196.2,137,2008/08/21,13:42:28
391,34.1848541,-118.9008576,197.7,142,2008/08/21,13:42:33
392,34.1848836,-118.9018060,199.1,145,2008/08/21,13:42:41
393,34.1849080,-118.9021984,197.7,145,2008/08/21,13:42:44
394,34.1849446,-118.9030501,196.2,147,2008/08/21,13:42:50
395,34.1849386,-118.9035085,193.4,148,2008/08/21,13:42:53
396,34.1848923,-118.9047600,192.4,149,2008/08/21,13:43:01
397,34.1848725,-118.9055408,189.0,147,2008/08/21,13:43:06
398,34.1849401,-118.9061774,186.6,145,2008/08/21,13:43:10
399,34.1850752,-118.9066407,184.2,144,2008/08/21,13:43:13
400,34.1853743,-118.9071983,184.2,144,2008/08/21,13:43:17
401,34.1854674,-118.9073217,184.2,143,2008/08/21,13:43:18
402,34.1859617,-118.9078434,187.1,143,2008/08/21,13:43:23
403,34.1865515,-118.9083319,189.5,143,2008/08/21,13:43:29
404,34.1871613,-118.9088476,191.0,146,2008/08/21,13:43:36
405,34.1875113,-118.9092580,192.9,146,2008/08/21,13:43:41
406,34.1876841,-118.9095192,193.8,146,2008/08/21,13:43:44
407,34.1879475,-118.9100691,195.3,144,2008/08/21,13:43:50
408,34.1882265,-118.9109504,197.2,145,2008/08/21,13:43:59
409,34.1882951,-118.9112568,198.6,146,2008/08/21,13:44:02
410,34.1883843,-118.9119698,199.6,147,2008/08/21,13:44:09
411,34.1884067,-118.9128694,201.1,146,2008/08/21,13:44:18
412,34.1884360,-118.9138049,202.0,144,2008/08/21,13:44:27
413,34.1884704,-118.9147351,201.5,142,2008/08/21,13:44:36
414,34.1885014,-118.9155446,200.1,139,2008/08/21,13:44:43
415,34.1884839,-118.9163515,199.1,134,2008/08/21,13:44:50
416,34.1884150,-118.9168712,198.2,129,2008/08/21,13:44:55
417,34.1883300,-118.9172982,198.6,123,2008/08/21,13:45:00
418,34.1882750,-118.9175161,198.2,118,2008/08/21,13:45:03
419,34.1882284,-118.9176944,197.7,113,2008/08/21,13:45:07
420,34.1882044,-118.9177794,198.2,108,2008/08/21,13:45:12
421,34.1881914,-118.9178043,197.7,109,2008/08/21,13:45:18
422,34.1881704,-118.9178556,197.2,110,2008/08/21,13:45:22
423,34.1881263,-118.9180130,197.2,113,2008/08/21,13:45:26
424,34.1880559,-118.9183381,196.7,117,2008/08/21,13:45:31
425,34.1879703,-118.9187447,197.2,119,2008/08/21,13:45:36
426,34.1878221,-118.9193763,197.2,124,2008/08/21,13:45:43
427,34.1876853,-118.9199439,197.7,129,2008/08/21,13:45:49
428,34.1875011,-118.9207261,197.7,129,2008/08/21,13:45:57
429,34.1873001,-118.9215628,198.2,130,2008/08/21,13:46:05
430,34.1871431,-118.9223806,200.6,132,2008/08/21,13:46:13
431,34.1870956,-118.9229734,201.5,131,2008/08/21,13:46:19
432,34.1870839,-118.9236277,200.6,128,2008/08/21,13:46:26
433,34.1870670,-118.9242544,200.1,123,2008/08/21,13:46:33
434,34.1870618,-118.9248270,199.6,123,2008/08/21,13:46:39
435,34.1870587,-118.9249256,198.6,123,2008/08/21,13:46:40
436,34.1869682,-118.9251903,198.6,124,2008/08/21,13:46:43
437,34.1867353,-118.9253123,197.2,126,2008/08/21,13:46:46
438,34.1866484,-118.9253314,196.7,126,2008/08/21,13:46:47
439,34.1859537,-118.9254700,196.7,126,2008/08/21,13:46:54
440,34.1855690,-118.9255577,199.1,128,2008/08/21,13:46:58
441,34.1853208,-118.9256127,201.1,129,2008/08/21,13:47:01
442,34.1848267,-118.9257287,203.5,133,2008/08/21,13:47:08
443,34.1842079,-118.9258633,204.9,133,2008/08/21,13:47:17
444,34.1837101,-118.9259930,203.9,133,2008/08/21,13:47:24
445,34.1834833,-118.9260857,202.5,132,2008/08/21,13:47:27
446,34.1831529,-118.9262870,200.6,130,2008/08/21,13:47:31
447,34.1827976,-118.9265767,197.2,128,2008/08/21,13:47:35
448,34.1822527,-118.9270984,195.3,126,2008/08/21,13:47:41
449,34.1817475,-118.9276127,195.3,121,2008/08/21,13:47:47
450,34.1813689,-118.9280722,196.2,122,2008/08/21,13:47:52
451,34.1808272,-118.9288941,196.2,123,2008/08/21,13:48:00
452,34.1805549,-118.9294541,196.2,126,2008/08/21,13:48:05
453,34.1803731,-118.9300710,195.8,128,2008/08/21,13:48:10
454,34.1801754,-118.9309092,196.7,129,2008/08/21,13:48:17
455,34.1799449,-118.9314692,196.2,129,2008/08/21,13:48:22
456,34.1795471,-118.9322772,197.7,130,2008/08/21,13:48:29
457,34.1793026,-118.9328245,199.1,133,2008/08/21,13:48:34
458,34.1791488,-118.9333795,200.1,138,2008/08/21,13:48:39
459,34.1790719,-118.9339372,201.5,140,2008/08/21,13:48:44
460,34.1790156,-118.9345974,203.9,142,2008/08/21,13:48:50
461,34.1789715,-118.9352762,204.9,146,2008/08/21,13:48:56
462,34.1788971,-118.9360066,205.9,151,2008/08/21,13:49:03
463,34.1787886,-118.9369758,205.9,151,2008/08/21,13:49:12
464,34.1787121,-118.9375849,204.4,151,2008/08/21,13:49:17
465,34.1785850,-118.9386233,204.4,150,2008/08/21,13:49:25
466,34.1784663,-118.9397392,203.0,147,2008/08/21,13:49:34
467,34.1784411,-118.9406163,203.0,144,2008/08/21,13:49:41
468,34.1785282,-118.9413964,201.5,141,2008/08/21,13:49:47
469,34.1787284,-118.9421816,201.1,139,2008/08/21,13:49:53
470,34.1789617,-118.9429045,200.6,133,2008/08/21,13:49:59
471,34.1791224,-118.9433989,201.1,128,2008/08/21,13:50:04
472,34.1791936,-118.9436209,201.5,123,2008/08/21,13:50:07
473,34.1792440,-118.9437979,202.5,118,2008/08/21,13:50:11
474,34.1792757,-118.9438770,203.0,113,2008/08/21,13:50:15
475,34.1792845,-118.9438985,203.0,109,2008/08/21,13:50:17
476,34.1793004,-118.9439393,203.0,110,2008/08/21,13:50:23
477,34.1793221,-118.9439905,202.5,111,2008/08/21,13:50:31
478,34.1793703,-118.9441401,202.0,113,2008/08/21,13:50:35
479,34.1794819,-118.9445066,202.0,118,2008/08/21,13:50:41
480,34.1796259,-118.9449777,202.0,119,2008/08/21,13:50:47
481,34.1797233,-118.9455545,202.0,122,2008/08/21,13:50:53
482,34.1797445,-118.9461449,202.0,124,2008/08/21,13:50:59
483,34.1797539,-118.9468397,202.0,118,2008/08/21,13:51:07
484,34.1797589,-118.9475655,202.0,116,2008/08/21,13:51:15
485,34.1797480,-118.9483458,202.0,118,2008/08/21,13:51:23
486,34.1796309,-118.9490287,201.5,118,2008/08/21,13:51:30
487,34.1794393,-118.9495877,202.0,117,2008/08/21,13:51:36
488,34.1791807,-118.9502340,202.5,117,2008/08/21,13:51:43
489,34.1790025,-118.9510055,203.0,118,2008/08/21,13:51:51
490,34.1789720,-118.9514164,203.5,116,2008/08/21,13:51:56
491,34.1789638,-118.9518467,204.4,112,2008/08/21,13:52:03
492,34.1789548,-118.9520958,203.0,112,2008/08/21,13:52:07
493,34.1788113,-118.9523203,203.0,113,2008/08/21,13:52:11
494,34.1786064,-118.9522891,203.9,116,2008/08/21,13:52:14
495,34.1782154,-118.9521550,205.4,122,2008/08/21,13:52:20
496,34.1778126,-118.9521152,207.3,124,2008/08/21,13:52:26
497,34.1773316,-118.9521617,210.2,127,2008/08/21,13:52:33
498,34.1769336,-118.9522669,212.1,133,2008/08/21,13:52:39
499,34.1765476,-118.9524610,212.6,138,2008/08/21,13:52:45
500,34.1761868,-118.9527300,212.6,142,2008/08/21,13:52:51
501,34.1758191,-118.9530967,209.7,140,2008/08/21,13:52:57
502,34.1754639,-118.9534836,208.3,139,2008/08/21,13:53:02
503,34.1750372,-118.9538476,207.8,137,2008/08/21,13:53:07
504,34.1746364,-118.9540315,206.8,136,2008/08/21,13:53:11
505,34.1739250,-118.9541898,207.8,134,2008/08/21,13:53:18
506,34.1731788,-118.9543486,208.3,132,2008/08/21,13:53:26
507,34.1725248,-118.9545441,209.2,129,2008/08/21,13:53:34
508,34.1719255,-118.9547793,209.7,128,2008/08/21,13:53:42
509,34.1712160,-118.9550320,210.2,127,2008/08/21,13:53:51
510,34.1703907,-118.9552650,209.7,128,2008/08/21,13:54:01
511,34.1698552,-118.9555054,210.2,128,2008/08/21,13:54:08
512,34.1692055,-118.9558546,210.7,127,2008/08/21,13:54:17
513,34.1686890,-118.9560842,212.1,126,2008/08/21,13:54:24
514,34.1681078,-118.9562717,213.6,126,2008/08/21,13:54:32
515,34.1676959,-118.9563693,214.5,128,2008/08/21,13:54:38
516,34.1673693,-118.9564173,216.0,129,2008/08/21,13:54:43
517,34.1669696,-118.9564099,218.4,130,2008/08/21,13:54:49
518,34.1663979,-118.9562836,219.3,131,2008/08/21,13:54:58
519,34.1658849,-118.9561990,219.8,131,2008/08/21,13:55:05
520,34.1654570,-118.9562251,219.8,133,2008/08/21,13:55:11
521,34.1648996,-118.9563631,221.2,133,2008/08/21,13:55:19
522,34.1644050,-118.9564586,221.7,133,2008/08/21,13:55:26
523,34.1638878,-118.9565632,222.2,131,2008/08/21,13:55:33
524,34.1633110,-118.9566768,223.2,129,2008/08/21,13:55:41
525,34.1626781,-118.9567948,223.6,127,2008/08/21,13:55:50
526,34.1622570,-118.9568755,223.6,122,2008/08/21,13:55:57
527,34.1621269,-118.9568998,224.1,117,2008/08/21,13:56:00
528,34.1620066,-118.9569176,224.6,113,2008/08/21,13:56:05
529,34.1619586,-118.9569284,224.1,112,2008/08/21,13:56:11
530,34.1619621,-118.9569184,224.1,111,2008/08/21,13:56:27
531,34.1618965,-118.9569355,224.1,111,2008/08/21,13:56:31
532,34.1617475,-118.9569775,223.6,112,2008/08/21,13:56:35
533,34.1616482,-118.9570036,224.6,113,2008/08/21,13:56:37
534,34.1612417,-118.9570796,224.6,118,2008/08/21,13:56:44
535,34.1608185,-118.9571614,225.1,123,2008/08/21,13:56:51
536,34.1605308,-118.9572154,225.6,125,2008/08/21,13:56:56
537,34.1602010,-118.9572911,226.5,124,2008/08/21,13:57:02
538,34.1597524,-118.9573743,227.0,120,2008/08/21,13:57:10
539,34.1594312,-118.9574857,228.0,119,2008/08/21,13:57:16
540,34.1592096,-118.9574167,228.0,119,2008/08/21,13:57:20
541,34.1590944,-118.9572221,228.0,119,2008/08/21,13:57:23
542,34.1588531,-118.9568479,228.9,122,2008/08/21,13:57:29
543,34.1584364,-118.9564282,229.4,125,2008/08/21,13:57:37
544,34.1580583,-118.9561398,230.4,127,2008/08/21,13:57:44
545,34.1577516,-118.9559151,233.3,128,2008/08/21,13:57:50
546,34.1571737,-118.9554885,236.6,131,2008/08/21,13:58:02
547,34.1567401,-118.9551357,239.0,135,2008/08/21,13:58:11
548,34.1564548,-118.9548194,240.5,137,2008/08/21,13:58:18
549,34.1561817,-118.9543810,243.8,140,2008/08/21,13:58:26
550,34.1560355,-118.9540991,245.3,142,2008/08/21,13:58:31
551,34.1558241,-118.9536700,247.7,148,2008/08/21,13:58:39
552,34.1557413,-118.9535164,249.6,149,2008/08/21,13:58:42
553,34.1555119,-118.9530738,252.5,151,2008/08/21,13:58:51
554,34.1552743,-118.9526083,255.4,151,2008/08/21,13:59:01
555,34.1549831,-118.9520445,256.8,149,2008/08/21,13:59:13
556,34.1547368,-118.9515316,259.2,147,2008/08/21,13:59:23
557,34.1545727,-118.9510102,260.2,146,2008/08/21,13:59:32
558,34.1544711,-118.9503802,262.1,146,2008/08/21,13:59:42
559,34.1544354,-118.9497149,264.5,144,2008/08/21,13:59:52
560,34.1544034,-118.9491278,266.9,143,2008/08/21,14:00:01
561,34.1543273,-118.9486626,267.9,143,2008/08/21,14:00:08
562,34.1542714,-118.9481752,268.3,145,2008/08/21,14:00:15
563,34.1542646,-118.9477421,270.7,147,2008/08/21,14:00:21
564,34.1542578,-118.9475543,272.7,149,2008/08/21,14:00:24
565,34.1542423,-118.9472440,275.6,152,2008/08/21,14:00:30
566,34.1542401,-118.9468531,277.5,154,2008/08/21,14:00:38
567,34.1542934,-118.9464175,279.9,154,2008/08/21,14:00:47
568,34.1543688,-118.9459503,281.3,153,2008/08/21,14:00:56
569,34.1544313,-118.9455838,284.2,154,2008/08/21,14:01:03
570,34.1545308,-118.9450007,286.6,155,2008/08/21,14:01:14
571,34.1545484,-118.9448957,288.1,155,2008/08/21,14:01:16
572,34.1546231,-118.9444552,289.0,154,2008/08/21,14:01:24
573,34.1546993,-118.9439921,290.9,153,2008/08/21,14:01:32
574,34.1547779,-118.9435223,291.9,150,2008/08/21,14:01:41
575,34.1548508,-118.9430655,291.9,147,2008/08/21,14:01:49
576,34.1549666,-118.9425781,292.4,144,2008/08/21,14:01:56
577,34.1551513,-118.9419506,292.9,143,2008/08/21,14:02:05
578,34.1552965,-118.9414942,295.7,142,2008/08/21,14:02:13
579,34.1554249,-118.9410903,299.1,142,2008/08/21,14:02:21
580,34.1554853,-118.9409011,300.5,142,2008/08/21,14:02:25
581,34.1555943,-118.9405745,302.0,141,2008/08/21,14:02:33
582,34.1556229,-118.9404975,303.4,141,2008/08/21,14:02:35
583,34.1557078,-118.9401946,305.4,143,2008/08/21,14:02:43
584,34.1557446,-118.9400417,307.3,144,2008/08/21,14:02:47
585,34.1557730,-118.9398632,309.2,146,2008/08/21,14:02:51
586,34.1558068,-118.9395636,311.6,147,2008/08/21,14:02:59
587,34.1558335,-118.9392213,314.5,149,2008/08/21,14:03:09
588,34.1558569,-118.9388705,317.4,150,2008/08/21,14:03:19
589,34.1558941,-118.9385592,320.3,151,2008/08/21,14:03:28
590,34.1559870,-118.9382358,323.1,152,2008/08/21,14:03:38
591,34.1561284,-118.9379557,325.1,152,2008/08/21,14:03:47
592,34.1563941,-118.9375844,327.9,150,2008/08/21,14:04:00
593,34.1565810,-118.9373449,330.8,149,2008/08/21,14:04:09
594,34.1566759,-118.9370851,333.7,149,2008/08/21,14:04:17
595,34.1566614,-118.9368220,336.6,150,2008/08/21,14:04:24
596,34.1566573,-118.9367834,336.6,151,2008/08/21,14:04:25
597,34.1566375,-118.9365138,340.0,152,2008/08/21,14:04:32
598,34.1566413,-118.9362189,341.9,153,2008/08/21,14:04:40
599,34.1566771,-118.9359126,343.8,154,2008/08/21,14:04:48
600,34.1567311,-118.9356305,345.7,154,2008/08/21,14:04:55
601,34.1568018,-118.9353022,347.7,154,2008/08/21,14:05:03
602,34.1568257,-118.9349672,350.1,153,2008/08/21,14:05:12
603,34.1568158,-118.9347593,352.0,153,2008/08/21,14:05:18
604,34.1568092,-118.9346494,353.4,153,2008/08/21,14:05:21
605,34.1567967,-118.9344503,354.9,154,2008/08/21,14:05:26
606,34.1568125,-118.9341991,356.8,155,2008/08/21,14:05:32
607,34.1567627,-118.9340101,358.7,156,2008/08/21,14:05:37
608,34.1566469,-118.9337439,361.1,157,2008/08/21,14:05:44
609,34.1565868,-118.9336350,362.1,158,2008/08/21,14:05:47
610,34.1565261,-118.9334564,363.0,158,2008/08/21,14:05:51
611,34.1564356,-118.9331731,365.0,158,2008/08/21,14:05:57
612,34.1564151,-118.9330187,365.4,158,2008/08/21,14:06:00
613,34.1563495,-118.9326266,366.9,158,2008/08/21,14:06:08
614,34.1562911,-118.9322468,368.8,158,2008/08/21,14:06:15
615,34.1561766,-118.9318427,370.7,158,2008/08/21,14:06:23
616,34.1561377,-118.9317559,372.2,157,2008/08/21,14:06:25
617,34.1559693,-118.9313321,373.6,156,2008/08/21,14:06:34
618,34.1559520,-118.9312771,374.1,156,2008/08/21,14:06:35
619,34.1559019,-118.9309786,375.1,156,2008/08/21,14:06:40
620,34.1558747,-118.9308622,375.5,156,2008/08/21,14:06:42
621,34.1558538,-118.9304431,376.5,157,2008/08/21,14:06:49
622,34.1558693,-118.9301083,379.9,157,2008/08/21,14:06:55
623,34.1559344,-118.9296921,381.3,157,2008/08/21,14:07:02
624,34.1560076,-118.9292218,384.7,156,2008/08/21,14:07:10
625,34.1560134,-118.9291692,385.1,156,2008/08/21,14:07:11
626,34.1560890,-118.9287285,387.5,157,2008/08/21,14:07:19
627,34.1561403,-118.9284095,388.5,156,2008/08/21,14:07:25
628,34.1561724,-118.9281363,389.5,156,2008/08/21,14:07:30
629,34.1562170,-118.9277510,390.4,155,2008/08/21,14:07:37
630,34.1562271,-118.9276464,390.4,154,2008/08/21,14:07:39
631,34.1562055,-118.9272478,389.5,150,2008/08/21,14:07:48
632,34.1561937,-118.9272039,389.5,148,2008/08/21,14:07:53
633,34.1561905,-118.9272132,389.5,145,2008/08/21,14:08:00
634,34.1561920,-118.9272180,389.5,140,2008/08/21,14:08:11
635,34.1561958,-118.9272185,389.0,135,2008/08/21,14:08:22
636,34.1561991,-118.9272169,389.0,130,2008/08/21,14:08:29
637,34.1561974,-118.9272164,389.0,125,2008/08/21,14:08:39
638,34.1561951,-118.9272147,389.0,120,2008/08/21,14:09:06
639,34.1561930,-118.9272154,389.5,115,2008/08/21,14:09:14
640,34.1562014,-118.9272005,389.5,113,2008/08/21,14:09:23
641,34.1562057,-118.9271023,388.0,113,2008/08/21,14:09:27
642,34.1562097,-118.9269498,387.1,113,2008/08/21,14:09:30
643,34.1562742,-118.9266363,383.7,113,2008/08/21,14:09:34
644,34.1563045,-118.9265404,383.7,113,2008/08/21,14:09:35
645,34.1563387,-118.9264490,383.7,113,2008/08/21,14:09:36
646,34.1565780,-118.9260716,377.9,113,2008/08/21,14:09:41
647,34.1567189,-118.9259369,376.5,112,2008/08/21,14:09:43
648,34.1570308,-118.9257440,374.1,111,2008/08/21,14:09:47
649,34.1571802,-118.9255573,371.7,111,2008/08/21,14:09:50
650,34.1571555,-118.9253728,371.2,112,2008/08/21,14:09:52
651,34.1570100,-118.9252495,370.2,112,2008/08/21,14:09:54
652,34.1566671,-118.9249236,363.5,115,2008/08/21,14:09:58
653,34.1566013,-118.9247989,363.0,115,2008/08/21,14:09:59
654,34.1563646,-118.9242756,358.7,118,2008/08/21,14:10:03
655,34.1561997,-118.9238818,355.8,118,2008/08/21,14:10:06
656,34.1558716,-118.9234361,352.0,118,2008/08/21,14:10:10
657,34.1555309,-118.9229033,345.7,116,2008/08/21,14:10:15
658,34.1555523,-118.9226143,342.4,115,2008/08/21,14:10:17
659,34.1555860,-118.9224580,341.9,115,2008/08/21,14:10:18
660,34.1556917,-118.9219974,338.0,116,2008/08/21,14:10:21
661,34.1556755,-118.9213546,334.7,117,2008/08/21,14:10:25
662,34.1554315,-118.9206056,333.2,121,2008/08/21,14:10:30
663,34.1553944,-118.9199784,327.5,125,2008/08/21,14:10:34
664,34.1554314,-118.9198185,328.4,126,2008/08/21,14:10:35
665,34.1555607,-118.9195240,327.0,128,2008/08/21,14:10:37
666,34.1559626,-118.9188682,329.4,134,2008/08/21,14:10:42
667,34.1562055,-118.9183378,332.8,139,2008/08/21,14:10:46
668,34.1562913,-118.9179258,333.2,143,2008/08/21,14:10:49
669,34.1562354,-118.9174805,332.3,146,2008/08/21,14:10:52
670,34.1560095,-118.9170718,330.8,149,2008/08/21,14:10:55
671,34.1558000,-118.9168379,331.3,151,2008/08/21,14:10:57
672,34.1555818,-118.9165977,329.4,154,2008/08/21,14:10:59
673,34.1552641,-118.9162319,325.5,155,2008/08/21,14:11:02
674,34.1546467,-118.9154743,323.6,156,2008/08/21,14:11:08
675,34.1540879,-118.9149442,320.7,155,2008/08/21,14:11:13
676,34.1538578,-118.9147368,320.3,155,2008/08/21,14:11:15
677,34.1535237,-118.9144061,318.3,154,2008/08/21,14:11:18
678,34.1532085,-118.9138185,317.4,153,2008/08/21,14:11:22
679,34.1531012,-118.9133187,316.9,153,2008/08/21,14:11:25
680,34.1530804,-118.9129889,316.4,153,2008/08/21,14:11:27
681,34.1531403,-118.9119961,315.0,153,2008/08/21,14:11:33
682,34.1531833,-118.9113281,313.5,154,2008/08/21,14:11:37
683,34.1532601,-118.9100221,313.5,154,2008/08/21,14:11:45
684,34.1532751,-118.9089582,314.0,152,2008/08/21,14:11:52
685,34.1531607,-118.9080061,312.1,152,2008/08/21,14:11:58
686,34.1530031,-118.9068664,310.2,154,2008/08/21,14:12:05
687,34.1528048,-118.9057770,306.8,154,2008/08/21,14:12:12
688,34.1526520,-118.9048372,304.9,154,2008/08/21,14:12:18
689,34.1525392,-118.9040892,305.8,153,2008/08/21,14:12:23
690,34.1525156,-118.9039536,306.8,153,2008/08/21,14:12:24
691,34.1523551,-118.9035734,305.8,153,2008/08/21,14:12:27
692,34.1521413,-118.9034176,305.4,153,2008/08/21,14:12:29
693,34.1518847,-118.9033689,305.4,153,2008/08/21,14:12:31
694,34.1516211,-118.9033813,304.4,153,2008/08/21,14:12:33
695,34.1506969,-118.9034039,303.4,154,2008/08/21,14:12:40
696,34.1495728,-118.9034192,302.5,155,2008/08/21,14:12:49
697,34.1484863,-118.9034333,303.4,154,2008/08/21,14:12:58
698,34.1472874,-118.9034496,302.5,153,2008/08/21,14:13:08
699,34.1462190,-118.9034584,303.0,151,2008/08/21,14:13:17
700,34.1454031,-118.9034683,302.0,151,2008/08/21,14:13:24
701,34.1444702,-118.9034604,303.4,152,2008/08/21,14:13:32
702,34.1437421,-118.9034634,305.8,152,2008/08/21,14:13:39
703,34.1433636,-118.9033314,306.3,152,2008/08/21,14:13:43
704,34.1431715,-118.9030531,306.3,151,2008/08/21,14:13:46
705,34.1431010,-118.9026770,305.8,152,2008/08/21,14:13:49
706,34.1430916,-118.9015809,303.9,152,2008/08/21,14:13:57
707,34.1431277,-118.9007057,302.5,151,2008/08/21,14:14:03
708,34.1431667,-118.9001031,301.5,151,2008/08/21,14:14:07
709,34.1431580,-118.8990765,300.5,149,2008/08/21,14:14:14
710,34.1431515,-118.8977516,300.5,149,2008/08/21,14:14:23
711,34.1430947,-118.8968425,298.6,149,2008/08/21,14:14:29
712,34.1429647,-118.8961263,298.6,149,2008/08/21,14:14:34
713,34.1428666,-118.8952947,299.1,149,2008/08/21,14:14:40
714,34.1428538,-118.8943228,299.6,147,2008/08/21,14:14:47
715,34.1428433,-118.8935085,300.1,146,2008/08/21,14:14:53
716,34.1428397,-118.8924441,297.2,144,2008/08/21,14:15:01
717,34.1428316,-118.8920160,295.7,144,2008/08/21,14:15:04
718,34.1428227,-118.8910038,294.3,143,2008/08/21,14:15:11
719,34.1428164,-118.8899677,292.9,143,2008/08/21,14:15:18
720,34.1427455,-118.8892245,293.3,143,2008/08/21,14:15:23
721,34.1425817,-118.8886775,294.3,143,2008/08/21,14:15:27
722,34.1423183,-118.8880708,294.8,145,2008/08/21,14:15:32
723,34.1419611,-118.8876038,294.8,144,2008/08/21,14:15:37
724,34.1414222,-118.8869764,294.3,143,2008/08/21,14:15:44
725,34.1410662,-118.8865105,294.8,142,2008/08/21,14:15:49
726,34.1407812,-118.8859353,293.3,142,2008/08/21,14:15:54
727,34.1405352,-118.8851424,290.0,141,2008/08/21,14:16:00
728,34.1403130,-118.8841333,290.0,141,2008/08/21,14:16:07
729,34.1401305,-118.8832897,290.0,141,2008/08/21,14:16:13
730,34.1398507,-118.8819251,290.9,141,2008/08/21,14:16:23
731,34.1398057,-118.8813715,290.5,141,2008/08/21,14:16:27
732,34.1398557,-118.8806840,290.0,141,2008/08/21,14:16:32
733,34.1400245,-118.8800081,289.5,140,2008/08/21,14:16:37
734,34.1403674,-118.8789990,290.0,140,2008/08/21,14:16:45
735,34.1406752,-118.8783308,290.5,140,2008/08/21,14:16:51
736,34.1410205,-118.8778562,291.4,143,2008/08/21,14:16:56
737,34.1413738,-118.8774881,292.4,146,2008/08/21,14:17:01
738,34.1415661,-118.8773316,293.8,148,2008/08/21,14:17:04
739,34.1416971,-118.8771566,296.7,149,2008/08/21,14:17:07
740,34.1416504,-118.8769592,297.7,149,2008/08/21,14:17:10
741,34.1414490,-118.8768575,296.7,149,2008/08/21,14:17:13
742,34.1413641,-118.8768364,296.7,149,2008/08/21,14:17:14
743,34.1411734,-118.8767988,294.8,149,2008/08/21,14:17:16
744,34.1409666,-118.8767191,292.9,149,2008/08/21,14:17:18
745,34.1406749,-118.8764701,290.5,149,2008/08/21,14:17:21
746,34.1405160,-118.8762412,289.0,149,2008/08/21,14:17:23
747,34.1402948,-118.8758967,290.9,150,2008/08/21,14:17:26
748,34.1398904,-118.8752161,290.5,151,2008/08/21,14:17:32
749,34.1398020,-118.8746856,289.5,151,2008/08/21,14:17:36
750,34.1399264,-118.8743152,290.0,151,2008/08/21,14:17:39
751,34.1401654,-118.8740340,290.9,151,2008/08/21,14:17:42
752,34.1403582,-118.8739085,290.9,150,2008/08/21,14:17:44
753,34.1409621,-118.8736063,290.0,150,2008/08/21,14:17:50
754,34.1414008,-118.8735481,290.0,150,2008/08/21,14:17:54
755,34.1421414,-118.8736086,291.4,150,2008/08/21,14:18:01
756,34.1424194,-118.8735967,292.4,150,2008/08/21,14:18:04
757,34.1427188,-118.8735107,290.9,150,2008/08/21,14:18:07
758,34.1431056,-118.8733148,290.5,150,2008/08/21,14:18:11
759,34.1434129,-118.8729803,291.4,150,2008/08/21,14:18:15
760,34.1435214,-118.8726497,291.9,151,2008/08/21,14:18:18
761,34.1434884,-118.8723038,293.3,151,2008/08/21,14:18:21
762,34.1433447,-118.8719960,293.8,153,2008/08/21,14:18:24
763,34.1431274,-118.8717817,293.8,154,2008/08/21,14:18:27
764,34.1428523,-118.8717121,295.3,156,2008/08/21,14:18:30
765,34.1425860,-118.8717597,297.7,160,2008/08/21,14:18:33
766,34.1421939,-118.8719473,301.5,162,2008/08/21,14:18:38
767,34.1421207,-118.8719795,302.0,163,2008/08/21,14:18:39
768,34.1418472,-118.8719510,303.9,166,2008/08/21,14:18:43
769,34.1417229,-118.8717250,304.9,166,2008/08/21,14:18:46
770,34.1416126,-118.8713499,306.8,168,2008/08/21,14:18:50
771,34.1414923,-118.8712035,307.8,169,2008/08/21,14:18:52
772,34.1413393,-118.8710890,308.2,169,2008/08/21,14:18:54
773,34.1411755,-118.8709921,309.2,169,2008/08/21,14:18:56
774,34.1410717,-118.8706361,309.7,170,2008/08/21,14:19:00
775,34.1411044,-118.8705274,309.2,170,2008/08/21,14:19:01
776,34.1411717,-118.8703089,309.2,170,2008/08/21,14:19:03
777,34.1412238,-118.8699520,308.2,170,2008/08/21,14:19:06
778,34.1412004,-118.8695817,308.2,170,2008/08/21,14:19:09
779,34.1412614,-118.8691072,308.7,170,2008/08/21,14:19:13
780,34.1413102,-118.8690051,309.2,170,2008/08/21,14:19:14
781,34.1415716,-118.8683979,310.2,171,2008/08/21,14:19:20
782,34.1418416,-118.8681137,312.1,170,2008/08/21,14:19:24
783,34.1420917,-118.8679873,312.6,170,2008/08/21,14:19:27
784,34.1422887,-118.8677492,311.6,170,2008/08/21,14:19:30
785,34.1423550,-118.8675146,310.2,170,2008/08/21,14:19:32
786,34.1424139,-118.8671168,308.2,170,2008/08/21,14:19:35
787,34.1423269,-118.8665559,303.4,170,2008/08/21,14:19:39
788,34.1421894,-118.8663062,302.5,170,2008/08/21,14:19:41
789,34.1420415,-118.8657166,299.6,170,2008/08/21,14:19:45
790,34.1420457,-118.8655713,300.1,169,2008/08/21,14:19:46
791,34.1421477,-118.8652676,297.2,169,2008/08/21,14:19:48
792,34.1422039,-118.8651097,298.1,169,2008/08/21,14:19:49
793,34.1422329,-118.8646195,296.7,168,2008/08/21,14:19:52
794,34.1421308,-118.8643295,298.1,168,2008/08/21,14:19:54
795,34.1420545,-118.8642129,299.1,168,2008/08/21,14:19:55
796,34.1417620,-118.8636453,301.0,168,2008/08/21,14:20:00
797,34.1415401,-118.8630826,303.0,168,2008/08/21,14:20:05
798,34.1413496,-118.8627250,305.8,168,2008/08/21,14:20:09
799,34.1411843,-118.8624005,308.2,167,2008/08/21,14:20:13
800,34.1410553,-118.8621312,309.2,166,2008/08/21,14:20:17
801,34.1409765,-118.8619219,309.2,165,2008/08/21,14:20:20
802,34.1409557,-118.8615074,307.8,163,2008/08/21,14:20:25
803,34.1410667,-118.8612221,305.8,162,2008/08/21,14:20:28
804,34.1413040,-118.8609635,301.5,162,2008/08/21,14:20:31
805,34.1416433,-118.8608396,298.1,161,2008/08/21,14:20:34
806,34.1419870,-118.8608791,294.8,160,2008/08/21,14:20:37
807,34.1423509,-118.8609111,291.9,158,2008/08/21,14:20:41
808,34.1424266,-118.8608458,291.9,158,2008/08/21,14:20:42
809,34.1424933,-118.8607548,291.4,157,2008/08/21,14:20:43
810,34.1426986,-118.8604201,285.6,157,2008/08/21,14:20:46
811,34.1428616,-118.8601689,281.8,156,2008/08/21,14:20:48
812,34.1429497,-118.8600357,281.8,156,2008/08/21,14:20:49
813,34.1431310,-118.8597518,278.4,155,2008/08/21,14:20:51
814,34.1433722,-118.8592671,274.1,154,2008/08/21,14:20:54
815,34.1434972,-118.8585252,272.7,150,2008/08/21,14:20:58
816,34.1435155,-118.8578409,274.1,147,2008/08/21,14:21:02
817,34.1435071,-118.8575239,274.6,146,2008/08/21,14:21:04
818,34.1433885,-118.8566387,275.1,146,2008/08/21,14:21:10
819,34.1433699,-118.8558097,275.1,146,2008/08/21,14:21:16
820,34.1433010,-118.8550017,273.2,145,2008/08/21,14:21:22
821,34.1432420,-118.8542216,274.1,144,2008/08/21,14:21:28
822,34.1431957,-118.8533348,273.6,145,2008/08/21,14:21:35
823,34.1431147,-118.8522599,274.1,145,2008/08/21,14:21:44
824,34.1430408,-118.8512461,275.6,144,2008/08/21,14:21:53
825,34.1429909,-118.8506678,277.0,143,2008/08/21,14:21:59
826,34.1429025,-118.8501954,278.0,141,2008/08/21,14:22:05
827,34.1428060,-118.8498553,278.4,136,2008/08/21,14:22:11
828,34.1427302,-118.8496936,278.4,132,2008/08/21,14:22:17
829,34.1427127,-118.8495849,278.0,130,2008/08/21,14:22:20
830,34.1428067,-118.8494314,278.0,129,2008/08/21,14:22:24
831,34.1430683,-118.8491524,277.5,128,2008/08/21,14:22:30
832,34.1433481,-118.8487575,277.0,127,2008/08/21,14:22:36
833,34.1437919,-118.8479909,274.6,125,2008/08/21,14:22:46
834,34.1442851,-118.8471906,273.6,122,2008/08/21,14:22:56
835,34.1447563,-118.8464445,271.7,120,2008/08/21,14:23:05
836,34.1452802,-118.8455963,271.7,120,2008/08/21,14:23:15
837,34.1458048,-118.8447630,271.7,122,2008/08/21,14:23:25
838,34.1462337,-118.8440711,270.7,123,2008/08/21,14:23:33
839,34.1465137,-118.8436226,271.7,123,2008/08/21,14:23:38
840,34.1469587,-118.8429103,270.7,124,2008/08/21,14:23:46
841,34.1473402,-118.8422673,271.2,125,2008/08/21,14:23:53
842,34.1477776,-118.8415470,270.7,126,2008/08/21,14:24:01
843,34.1483417,-118.8406316,270.3,126,2008/08/21,14:24:11
844,34.1488342,-118.8398493,269.8,122,2008/08/21,14:24:20
845,34.1491057,-118.8394069,270.3,116,2008/08/21,14:24:26
846,34.1492191,-118.8391866,271.2,114,2008/08/21,14:24:30
847,34.1492731,-118.8390723,271.2,111,2008/08/21,14:24:34
848,34.1492806,-118.8390485,271.2,110,2008/08/21,14:24:39
849,34.1492739,-118.8390616,271.2,105,2008/08/21,14:24:54
850,34.1492705,-118.8390661,271.2,100,2008/08/21,14:25:06
851,34.1492982,-118.8389998,271.2,100,2008/08/21,14:25:11
852,34.1493601,-118.8388097,270.7,103,2008/08/21,14:25:16
853,34.1494554,-118.8384948,270.3,107,2008/08/21,14:25:21
854,34.1495859,-118.8380420,269.3,110,2008/08/21,14:25:27
855,34.1496881,-118.8375137,270.3,115,2008/08/21,14:25:33
856,34.1497012,-118.8374234,269.8,115,2008/08/21,14:25:34
857,34.1497435,-118.8366885,269.3,116,2008/08/21,14:25:42
858,34.1497570,-118.8359102,269.8,116,2008/08/21,14:25:50
859,34.1497880,-118.8351662,269.8,117,2008/08/21,14:25:57
860,34.1498215,-118.8345174,268.8,119,2008/08/21,14:26:03
861,34.1498458,-118.8338732,269.3,120,2008/08/21,14:26:09
862,34.1498992,-118.8327923,269.3,119,2008/08/21,14:26:19
863,34.1500058,-118.8321512,270.3,119,2008/08/21,14:26:25
864,34.1502185,-118.8314156,269.8,119,2008/08/21,14:26:32
865,34.1505240,-118.8307273,270.7,119,2008/08/21,14:26:39
866,34.1508899,-118.8301210,270.7,119,2008/08/21,14:26:46
867,34.1512385,-118.8296772,271.2,118,2008/08/21,14:26:52
868,34.1515633,-118.8293380,271.7,114,2008/08/21,14:26:58
869,34.1517643,-118.8291551,272.2,111,2008/08/21,14:27:03
870,34.1518594,-118.8290797,273.2,106,2008/08/21,14:27:07
871,34.1519279,-118.8290252,273.2,103,2008/08/21,14:27:14
872,34.1519207,-118.8290318,273.2,99,2008/08/21,14:27:31
873,34.1519729,-118.8289867,273.2,97,2008/08/21,14:28:09
874,34.1521356,-118.8288726,273.2,100,2008/08/21,14:28:14
875,34.1524021,-118.8286872,273.2,105,2008/08/21,14:28:20
876,34.1527404,-118.8284418,272.7,110,2008/08/21,14:28:27
877,34.1532327,-118.8280852,273.2,114,2008/08/21,14:28:36
878,34.1536989,-118.8277502,274.1,115,2008/08/21,14:28:44
879,34.1541346,-118.8274425,275.1,116,2008/08/21,14:28:51
880,34.1546437,-118.8270766,276.0,119,2008/08/21,14:28:59
881,34.1550523,-118.8267909,278.9,122,2008/08/21,14:29:06
882,34.1555143,-118.8264486,281.3,127,2008/08/21,14:29:15
883,34.1558629,-118.8262081,284.2,129,2008/08/21,14:29:22
884,34.1559025,-118.8261796,284.2,130,2008/08/21,14:29:23
885,34.1561170,-118.8260173,284.7,130,2008/08/21,14:29:30
886,34.1562344,-118.8259328,285.6,127,2008/08/21,14:29:37
887,34.1562620,-118.8259097,285.2,124,2008/08/21,14:29:42
888,34.1562589,-118.8259138,285.6,119,2008/08/21,14:29:51
889,34.1562919,-118.8258857,285.6,114,2008/08/21,14:29:58
890,34.1564112,-118.8257912,286.1,114,2008/08/21,14:30:03
891,34.1566292,-118.8256394,287.1,115,2008/08/21,14:30:08
892,34.1569873,-118.8253881,288.5,119,2008/08/21,14:30:16
893,34.1574580,-118.8250626,289.5,122,2008/08/21,14:30:26
894,34.1579005,-118.8247515,289.5,123,2008/08/21,14:30:35
895,34.1580865,-118.8246159,290.0,121,2008/08/21,14:30:40
896,34.1582113,-118.8245267,289.5,116,2008/08/21,14:30:45
897,34.1582911,-118.8244645,289.5,112,2008/08/21,14:30:51
898,34.1583849,-118.8243991,289.0,110,2008/08/21,14:30:56
899,34.1586125,-118.8242298,288.5,110,2008/08/21,14:31:02
900,34.1589783,-118.8239574,287.6,109,2008/08/21,14:31:09
901,34.1594344,-118.8236215,286.6,104,2008/08/21,14:31:17
902,34.1598390,-118.8233205,286.1,99,2008/08/21,14:31:24
903,34.1601647,-118.8230886,286.6,98,2008/08/21,14:31:31
904,34.1603952,-118.8229325,286.1,98,2008/08/21,14:31:37
905,34.1605541,-118.8228332,286.1,97,2008/08/21,14:31:44
906,34.1606086,-118.8228021,286.1,97,2008/08/21,14:31:51
907,34.1606568,-118.8227846,286.6,101,2008/08/21,14:32:00
908,34.1607129,-118.8227565,286.1,102,2008/08/21,14:32:02
909,34.1610023,-118.8226414,286.6,108,2008/08/21,14:32:08
910,34.1612932,-118.8225488,287.1,116,2008/08/21,14:32:13
911,34.1618047,-118.8224504,288.5,119,2008/08/21,14:32:22
912,34.1623419,-118.8224250,289.0,120,2008/08/21,14:32:31
913,34.1628309,-118.8224730,290.9,122,2008/08/21,14:32:39
914,34.1632728,-118.8225547,291.4,124,2008/08/21,14:32:46
915,34.1638593,-118.8226756,293.3,127,2008/08/21,14:32:55
916,34.1646387,-118.8228110,294.8,125,2008/08/21,14:33:07
917,34.1651935,-118.8227875,295.3,124,2008/08/21,14:33:15
918,34.1657753,-118.8226241,295.3,123,2008/08/21,14:33:23
919,34.1665148,-118.8223246,296.2,123,2008/08/21,14:33:33
920,34.1670828,-118.8221055,296.2,120,2008/08/21,14:33:41
921,34.1675281,-118.8219353,296.2,117,2008/08/21,14:33:48
922,34.1680400,-118.8216663,298.6,114,2008/08/21,14:33:57
923,34.1680965,-118.8216336,298.6,114,2008/08/21,14:33:58
924,34.1683038,-118.8215116,300.1,115,2008/08/21,14:34:02
925,34.1685780,-118.8213283,300.5,115,2008/08/21,14:34:08
926,34.1689445,-118.8210715,302.0,119,2008/08/21,14:34:15
927,34.1692517,-118.8208554,303.9,124,2008/08/21,14:34:21
928,34.1694422,-118.8207250,305.8,128,2008/08/21,14:34:25
929,34.1696251,-118.8205921,306.8,128,2008/08/21,14:34:29
930,34.1700554,-118.8203322,308.2,129,2008/08/21,14:34:37
931,34.1705415,-118.8201545,308.7,135,2008/08/21,14:34:45
932,34.1710860,-118.8200384,309.2,138,2008/08/21,14:34:53
933,34.1715962,-118.8200408,310.2,138,2008/08/21,14:35:00
934,34.1721777,-118.8201459,310.6,135,2008/08/21,14:35:08
935,34.1727265,-118.8202432,309.7,132,2008/08/21,14:35:15
936,34.1734339,-118.8203549,307.8,128,2008/08/21,14:35:23
937,34.1741002,-118.8204482,306.8,125,2008/08/21,14:35:30
938,34.1748169,-118.8204485,309.2,123,2008/08/21,14:35:38
939,34.1752632,-118.8204120,310.6,123,2008/08/21,14:35:44
940,34.1756514,-118.8203525,313.5,124,2008/08/21,14:35:50
941,34.1757129,-118.8203421,313.5,124,2008/08/21,14:35:51
942,34.1762078,-118.8202748,315.0,124,2008/08/21,14:35:59
943,34.1767711,-118.8202226,315.4,127,2008/08/21,14:36:07
944,34.1771481,-118.8201925,316.4,129,2008/08/21,14:36:12
945,34.1776810,-118.8202276,316.9,132,2008/08/21,14:36:19
946,34.1782137,-118.8203254,316.4,132,2008/08/21,14:36:26
947,34.1787246,-118.8205022,314.5,131,2008/08/21,14:36:32
948,34.1788166,-118.8205446,314.0,131,2008/08/21,14:36:33
949,34.1795538,-118.8208736,314.0,129,2008/08/21,14:36:41
950,34.1802504,-118.8212079,316.4,128,2008/08/21,14:36:49
951,34.1803319,-118.8212471,316.9,128,2008/08/21,14:36:50
952,34.1806156,-118.8213797,318.8,129,2008/08/21,14:36:54
953,34.1809883,-118.8215642,319.8,129,2008/08/21,14:37:00
954,34.1814858,-118.8217774,321.7,132,2008/08/21,14:37:08
955,34.1819964,-118.8219475,323.6,135,2008/08/21,14:37:16
956,34.1825030,-118.8220664,327.0,137,2008/08/21,14:37:24
957,34.1830265,-118.8221469,329.4,140,2008/08/21,14:37:32
958,34.1834735,-118.8221763,330.8,141,2008/08/21,14:37:39
959,34.1840170,-118.8221729,331.8,142,2008/08/21,14:37:47
960,34.1845029,-118.8221379,331.8,142,2008/08/21,14:37:54
961,34.1850614,-118.8220417,332.8,142,2008/08/21,14:38:02
962,34.1857150,-118.8219100,333.2,140,2008/08/21,14:38:11
963,34.1862211,-118.8218059,333.2,138,2008/08/21,14:38:18
964,34.1868831,-118.8216720,334.2,134,2008/08/21,14:38:27
965,34.1876089,-118.8215647,335.2,132,2008/08/21,14:38:37
966,34.1880573,-118.8215838,335.2,128,2008/08/21,14:38:44
967,34.1883160,-118.8216275,335.2,123,2008/08/21,14:38:49
968,34.1884003,-118.8216486,335.6,120,2008/08/21,14:38:51
969,34.1885346,-118.8216862,336.6,113,2008/08/21,14:38:55
970,34.1886229,-118.8217199,337.1,113,2008/08/21,14:39:00
971,34.1887516,-118.8217717,337.1,114,2008/08/21,14:39:05
972,34.1889982,-118.8218830,338.5,119,2008/08/21,14:39:11
973,34.1892805,-118.8220433,340.0,123,2008/08/21,14:39:17
974,34.1895032,-118.8222039,341.9,128,2008/08/21,14:39:22
975,34.1898094,-118.8224478,344.3,134,2008/08/21,14:39:29
976,34.1901809,-118.8227561,346.2,138,2008/08/21,14:39:38
977,34.1905087,-118.8230394,348.6,142,2008/08/21,14:39:46
978,34.1908108,-118.8232705,351.5,145,2008/08/21,14:39:53
979,34.1908540,-118.8233015,352.0,146,2008/08/21,14:39:54
980,34.1912412,-118.8235337,354.4,148,2008/08/21,14:40:02
981,34.1916420,-118.8237041,356.3,150,2008/08/21,14:40:10
982,34.1920690,-118.8237940,359.2,151,2008/08/21,14:40:18
983,34.1926078,-118.8238202,359.2,152,2008/08/21,14:40:27
984,34.1930030,-118.8237512,360.6,152,2008/08/21,14:40:33
985,34.1935186,-118.8235721,362.6,152,2008/08/21,14:40:41
986,34.1941253,-118.8232644,364.0,151,2008/08/21,14:40:51
987,34.1947268,-118.8229524,367.4,150,2008/08/21,14:41:01
988,34.1952366,-118.8227603,368.3,150,2008/08/21,14:41:09
989,34.1957394,-118.8226757,368.3,150,2008/08/21,14:41:16
990,34.1963283,-118.8226964,369.3,149,2008/08/21,14:41:24
991,34.1966145,-118.8227452,368.8,148,2008/08/21,14:41:28
992,34.1967880,-118.8226085,368.8,147,2008/08/21,14:41:31
993,34.1968196,-118.8225252,369.3,147,2008/08/21,14:41:32
994,34.1970666,-118.8219957,371.2,145,2008/08/21,14:41:39
995,34.1973019,-118.8216486,372.6,143,2008/08/21,14:41:45
996,34.1973884,-118.8215497,373.1,143,2008/08/21,14:41:47
997,34.1977773,-118.8211793,375.1,142,2008/08/21,14:41:55
998,34.1982116,-118.8208099,374.6,141,2008/08/21,14:42:03
999,34.1986783,-118.8203656,375.1,140,2008/08/21,14:42:11
1000,34.1989907,-118.8199297,374.6,135,2008/08/21,14:42:17
1001,34.1992273,-118.8194510,375.5,133,2008/08/21,14:42:23
1002,34.1993921,-118.8189799,377.9,133,2008/08/21,14:42:29
1003,34.1994159,-118.8189052,378.4,133,2008/08/21,14:42:30
1004,34.1994397,-118.8188301,378.4,133,2008/08/21,14:42:31
1005,34.1995236,-118.8182230,381.8,137,2008/08/21,14:42:39
1006,34.1995133,-118.8176842,384.7,140,2008/08/21,14:42:46
1007,34.1994982,-118.8171883,387.1,143,2008/08/21,14:42:53
1008,34.1994941,-118.8171179,387.5,144,2008/08/21,14:42:54
1009,34.1994745,-118.8168946,389.0,145,2008/08/21,14:42:57
1010,34.1994436,-118.8162828,392.4,148,2008/08/21,14:43:05
1011,34.1994274,-118.8158146,392.8,151,2008/08/21,14:43:11
1012,34.1994009,-118.8151621,392.8,151,2008/08/21,14:43:19
1013,34.1993834,-118.8144957,391.9,151,2008/08/21,14:43:26
1014,34.1993548,-118.8139328,391.4,151,2008/08/21,14:43:31
1015,34.1992734,-118.8133314,391.4,152,2008/08/21,14:43:36
1016,34.1991190,-118.8127811,391.9,152,2008/08/21,14:43:41
1017,34.1988498,-118.8121845,392.4,154,2008/08/21,14:43:47
1018,34.1984960,-118.8116503,394.3,155,2008/08/21,14:43:53
1019,34.1980771,-118.8112169,395.7,157,2008/08/21,14:43:59
1020,34.1974567,-118.8106507,398.1,158,2008/08/21,14:44:08
1021,34.1971826,-118.8103833,399.6,159,2008/08/21,14:44:12
1022,34.1967845,-118.8098675,401.5,159,2008/08/21,14:44:19
1023,34.1964685,-118.8092947,402.4,159,2008/08/21,14:44:26
1024,34.1963041,-118.8088692,404.4,159,2008/08/21,14:44:31
1025,34.1962445,-118.8086860,404.9,159,2008/08/21,14:44:33
1026,34.1961577,-118.8082337,407.7,160,2008/08/21,14:44:38
1027,34.1961307,-118.8079755,409.7,161,2008/08/21,14:44:41
1028,34.1961208,-118.8078123,410.6,161,2008/08/21,14:44:43
1029,34.1961043,-118.8075730,412.1,163,2008/08/21,14:44:46
1030,34.1960742,-118.8070897,412.5,164,2008/08/21,14:44:52
1031,34.1960173,-118.8064528,414.0,165,2008/08/21,14:44:59
1032,34.1959437,-118.8057425,414.0,164,2008/08/21,14:45:06
1033,34.1958710,-118.8049714,413.0,163,2008/08/21,14:45:13
1034,34.1958090,-118.8046183,411.6,162,2008/08/21,14:45:16
1035,34.1956643,-118.8041206,410.6,162,2008/08/21,14:45:20
1036,34.1955665,-118.8038689,409.7,161,2008/08/21,14:45:22
1037,34.1953090,-118.8033691,407.7,159,2008/08/21,14:45:26
1038,34.1948754,-118.8027795,403.4,157,2008/08/21,14:45:31
1039,34.1947792,-118.8026711,403.4,157,2008/08/21,14:45:32
1040,34.1942771,-118.8021448,401.5,154,2008/08/21,14:45:37
1041,34.1935971,-118.8013798,400.0,150,2008/08/21,14:45:44
1042,34.1931174,-118.8006505,398.6,147,2008/08/21,14:45:50
1043,34.1926994,-118.7998247,396.2,144,2008/08/21,14:45:56
1044,34.1922143,-118.7988459,394.3,141,2008/08/21,14:46:03
1045,34.1917017,-118.7977875,392.8,137,2008/08/21,14:46:11
1046,34.1915205,-118.7972366,391.9,137,2008/08/21,14:46:15
1047,34.1913956,-118.7964876,392.4,138,2008/08/21,14:46:20
1048,34.1913808,-118.7961761,390.4,138,2008/08/21,14:46:22
1049,34.1913454,-118.7950332,388.0,139,2008/08/21,14:46:29
1050,34.1913376,-118.7948623,388.0,140,2008/08/21,14:46:30
1051,34.1913124,-118.7941703,385.6,141,2008/08/21,14:46:34
1052,34.1912096,-118.7934871,387.5,143,2008/08/21,14:46:38
1053,34.1910107,-118.7928524,386.6,146,2008/08/21,14:46:42
1054,34.1906572,-118.7921394,386.1,148,2008/08/21,14:46:47
1055,34.1903782,-118.7917580,381.8,150,2008/08/21,14:46:50
1056,34.1899490,-118.7913287,379.4,149,2008/08/21,14:46:54
1057,34.1893380,-118.7909260,375.1,147,2008/08/21,14:46:59
1058,34.1890583,-118.7908074,368.3,146,2008/08/21,14:47:01
1059,34.1887683,-118.7907069,364.5,146,2008/08/21,14:47:03
1060,34.1881838,-118.7904945,360.6,146,2008/08/21,14:47:07
1061,34.1880331,-118.7904378,361.1,146,2008/08/21,14:47:08
1062,34.1875763,-118.7902131,355.3,146,2008/08/21,14:47:11
1063,34.1874298,-118.7901173,357.3,146,2008/08/21,14:47:12
1064,34.1872877,-118.7900111,353.4,146,2008/08/21,14:47:13
1065,34.1868887,-118.7896541,350.5,145,2008/08/21,14:47:16
1066,34.1864488,-118.7890988,351.0,143,2008/08/21,14:47:20
1067,34.1860994,-118.7884900,349.1,143,2008/08/21,14:47:24
1068,34.1857705,-118.7879147,351.0,143,2008/08/21,14:47:28
1069,34.1854191,-118.7872449,352.0,144,2008/08/21,14:47:33
1070,34.1852079,-118.7867377,350.5,142,2008/08/21,14:47:37
1071,34.1850649,-118.7863219,351.5,139,2008/08/21,14:47:41
1072,34.1849934,-118.7861342,352.5,136,2008/08/21,14:47:44
1073,34.1849618,-118.7860529,352.0,133,2008/08/21,14:47:48
1074,34.1849519,-118.7860566,352.5,128,2008/08/21,14:47:55
1075,34.1849570,-118.7860691,352.5,123,2008/08/21,14:48:04
1076,34.1849555,-118.7860741,352.5,118,2008/08/21,14:48:11
1077,34.1849342,-118.7860060,352.0,114,2008/08/21,14:48:21
1078,34.1848698,-118.7858293,351.0,116,2008/08/21,14:48:25
1079,34.1847325,-118.7854371,351.0,120,2008/08/21,14:48:31
1080,34.1845569,-118.7849538,350.1,120,2008/08/21,14:48:37
1081,34.1843398,-118.7843397,351.5,123,2008/08/21,14:48:44
1082,34.1840909,-118.7837857,352.5,123,2008/08/21,14:48:51
1083,34.1837777,-118.7833024,352.0,125,2008/08/21,14:48:57
1084,34.1833768,-118.7828611,350.5,127,2008/08/21,14:49:03
1085,34.1829419,-118.7825277,349.1,127,2008/08/21,14:49:08
1086,34.1827422,-118.7824139,348.1,127,2008/08/21,14:49:10
1087,34.1822101,-118.7821699,344.3,126,2008/08/21,14:49:15
1088,34.1820987,-118.7821223,344.3,126,2008/08/21,14:49:16
1089,34.1815030,-118.7818607,340.4,123,2008/08/21,14:49:21
1090,34.1812572,-118.7817468,338.5,122,2008/08/21,14:49:23
1091,34.1806437,-118.7813764,335.6,117,2008/08/21,14:49:28
1092,34.1802009,-118.7809786,334.2,116,2008/08/21,14:49:32
1093,34.1797257,-118.7803973,333.2,114,2008/08/21,14:49:37
1094,34.1794191,-118.7798797,334.2,115,2008/08/21,14:49:41
1095,34.1791406,-118.7792364,335.2,118,2008/08/21,14:49:46
1096,34.1789655,-118.7786314,337.1,118,2008/08/21,14:49:51
1097,34.1788699,-118.7780606,338.0,116,2008/08/21,14:49:56
1098,34.1788336,-118.7773819,339.5,117,2008/08/21,14:50:02
1099,34.1788871,-118.7766121,340.9,119,2008/08/21,14:50:09
1100,34.1790302,-118.7759067,341.9,122,2008/08/21,14:50:16
1101,34.1792570,-118.7752573,342.8,124,2008/08/21,14:50:23
1102,34.1795262,-118.7746190,342.8,125,2008/08/21,14:50:30
1103,34.1798569,-118.7738402,339.5,124,2008/08/21,14:50:38
1104,34.1799051,-118.7737345,339.5,124,2008/08/21,14:50:39
1105,34.1801521,-118.7731628,335.6,122,2008/08/21,14:50:44
1106,34.1802569,-118.7729151,333.7,121,2008/08/21,14:50:46
1107,34.1804214,-118.7725317,331.3,118,2008/08/21,14:50:49
1108,34.1805943,-118.7721258,327.5,116,2008/08/21,14:50:52
1109,34.1808404,-118.7715715,325.1,115,2008/08/21,14:50:56
1110,34.1809540,-118.7712953,321.2,114,2008/08/21,14:50:58
1111,34.1811339,-118.7706956,318.3,112,2008/08/21,14:51:02
1112,34.1811652,-118.7705363,318.8,112,2008/08/21,14:51:03
1113,34.1812389,-118.7697502,316.4,111,2008/08/21,14:51:08
1114,34.1812335,-118.7694870,315.9,111,2008/08/21,14:51:10
1115,34.1811250,-118.7692151,315.4,112,2008/08/21,14:51:13
1116,34.1809709,-118.7691804,314.5,112,2008/08/21,14:51:15
1117,34.1805965,-118.7691694,312.6,113,2008/08/21,14:51:19
1118,34.1799800,-118.7691457,309.7,117,2008/08/21,14:51:25
1119,34.1794570,-118.7690498,308.2,115,2008/08/21,14:51:30
1120,34.1787741,-118.7688955,307.3,112,2008/08/21,14:51:37
1121,34.1786763,-118.7688666,307.8,111,2008/08/21,14:51:38
1122,34.1783210,-118.7686510,307.3,111,2008/08/21,14:51:42
1123,34.1775396,-118.7678600,304.9,110,2008/08/21,14:51:52
1124,34.1772115,-118.7673367,301.5,111,2008/08/21,14:51:57
1125,34.1770696,-118.7671310,300.1,112,2008/08/21,14:51:59
1126,34.1769905,-118.7670359,299.1,112,2008/08/21,14:52:00
1127,34.1765077,-118.7666723,298.1,114,2008/08/21,14:52:05
1128,34.1762024,-118.7662655,298.6,119,2008/08/21,14:52:09
1129,34.1761522,-118.7661442,298.6,119,2008/08/21,14:52:10
1130,34.1760504,-118.7659020,300.1,121,2008/08/21,14:52:12
1131,34.1757390,-118.7655269,300.1,127,2008/08/21,14:52:16
1132,34.1749368,-118.7650705,298.1,131,2008/08/21,14:52:24
1133,34.1746332,-118.7649286,297.2,133,2008/08/21,14:52:27
1134,34.1743866,-118.7647006,299.1,133,2008/08/21,14:52:30
1135,34.1742794,-118.7645057,299.1,134,2008/08/21,14:52:32
1136,34.1741982,-118.7643090,298.6,134,2008/08/21,14:52:34
1137,34.1740188,-118.7641384,297.7,132,2008/08/21,14:52:37
1138,34.1739343,-118.7641319,297.7,132,2008/08/21,14:52:38
1139,34.1733398,-118.7641641,295.7,129,2008/08/21,14:52:44
1140,34.1724999,-118.7641876,294.8,125,2008/08/21,14:52:52
1141,34.1720267,-118.7640510,293.8,121,2008/08/21,14:52:57
1142,34.1716297,-118.7640330,293.3,121,2008/08/21,14:53:01
1143,34.1714449,-118.7641030,293.3,121,2008/08/21,14:53:03
1144,34.1712009,-118.7642053,292.9,118,2008/08/21,14:53:06
1145,34.1709855,-118.7642266,293.3,116,2008/08/21,14:53:10
1146,34.1709050,-118.7641008,292.4,116,2008/08/21,14:53:13
1147,34.1708966,-118.7640351,292.9,117,2008/08/21,14:53:14
1148,34.1708761,-118.7636509,292.9,118,2008/08/21,14:53:19
1149,34.1708683,-118.7629271,292.9,119,2008/08/21,14:53:27
1150,34.1708685,-118.7620961,291.4,118,2008/08/21,14:53:36
1151,34.1708663,-118.7613221,290.9,113,2008/08/21,14:53:44
1152,34.1708664,-118.7606924,292.4,112,2008/08/21,14:53:51
1153,34.1708652,-118.7599634,292.4,112,2008/08/21,14:53:59
1154,34.1708619,-118.7596845,294.8,114,2008/08/21,14:54:02
1155,34.1708617,-118.7595136,295.7,115,2008/08/21,14:54:04
1156,34.1708606,-118.7589309,298.1,119,2008/08/21,14:54:11
1157,34.1708611,-118.7587859,298.6,121,2008/08/21,14:54:13
1158,34.1707690,-118.7586239,297.7,124,2008/08/21,14:54:16
1159,34.1707011,-118.7586161,297.2,123,2008/08/21,14:54:17
1160,34.1701753,-118.7586494,295.3,127,2008/08/21,14:54:23
1161,34.1698775,-118.7586656,293.8,127,2008/08/21,14:54:26
1162,34.1688554,-118.7587205,291.4,126,2008/08/21,14:54:36
1163,34.1686518,-118.7587190,290.5,125,2008/08/21,14:54:38
1164,34.1679302,-118.7586420,289.0,122,2008/08/21,14:54:45
1165,34.1674334,-118.7585353,289.0,117,2008/08/21,14:54:50
1166,34.1668378,-118.7584042,288.1,112,2008/08/21,14:54:56
1167,34.1664400,-118.7583097,286.6,106,2008/08/21,14:55:00
1168,34.1661437,-118.7582440,285.6,102,2008/08/21,14:55:03
1169,34.1652879,-118.7580552,284.7,102,2008/08/21,14:55:12
1170,34.1645326,-118.7578881,284.2,104,2008/08/21,14:55:20
1171,34.1638394,-118.7577280,281.3,104,2008/08/21,14:55:27
1172,34.1628635,-118.7575169,278.4,102,2008/08/21,14:55:36
1173,34.1622896,-118.7573844,276.0,100,2008/08/21,14:55:41
1174,34.1613985,-118.7571841,275.6,96,2008/08/21,14:55:49
1175,34.1606092,-118.7569993,275.6,96,2008/08/21,14:55:57
1176,34.1601072,-118.7568857,275.6,96,2008/08/21,14:56:03
1177,34.1597582,-118.7568051,275.6,95,2008/08/21,14:56:09
1178,34.1596551,-118.7567823,275.6,95,2008/08/21,14:56:13
1179,34.1595151,-118.7567470,275.1,97,2008/08/21,14:56:18
1180,34.1594725,-118.7567391,275.6,97,2008/08/21,14:56:19
1181,34.1590961,-118.7566502,274.1,104,2008/08/21,14:56:26
1182,34.1587253,-118.7565689,272.7,106,2008/08/21,14:56:31
1183,34.1582474,-118.7564623,272.7,111,2008/08/21,14:56:37
1184,34.1579202,-118.7563884,273.2,116,2008/08/21,14:56:41
1185,34.1572305,-118.7562510,270.3,118,2008/08/21,14:56:49
1186,34.1566941,-118.7562317,269.8,116,2008/08/21,14:56:55
1187,34.1561679,-118.7563010,269.8,110,2008/08/21,14:57:01
1188,34.1558353,-118.7563892,268.3,104,2008/08/21,14:57:05
1189,34.1555419,-118.7564951,268.3,99,2008/08/21,14:57:09
1190,34.1554341,-118.7565446,268.8,98,2008/08/21,14:57:11
1191,34.1553431,-118.7566187,268.3,97,2008/08/21,14:57:14
1192,34.1552214,-118.7566554,267.9,98,2008/08/21,14:57:18
1193,34.1549302,-118.7567885,267.9,102,2008/08/21,14:57:24
1194,34.1548561,-118.7568277,267.9,105,2008/08/21,14:57:26
1195,34.1548635,-118.7569316,267.4,105,2008/08/21,14:57:31
1196,34.1549425,-118.7569964,267.4,105,2008/08/21,14:57:35
1197,34.1550414,-118.7569605,267.4,105,2008/08/21,14:57:38
1198,34.1553458,-118.7568368,268.3,104,2008/08/21,14:57:46
1199,34.1554828,-118.7568207,268.8,102,2008/08/21,14:57:51
1200,34.1555519,-118.7568770,268.8,103,2008/08/21,14:57:55
1201,34.1555928,-118.7570657,268.3,102,2008/08/21,14:58:02
1202,34.1555902,-118.7570634,268.8,101,2008/08/21,14:58:06
