INDEX,RCR,DATE,TIME,VALID,LATITUDE,N/S,LONGITUDE,E/W,HEIGHT,SPEED,DISTANCE,
1,T,2005/05/01,10:12:47,Unknown,51.311770,N,12.413179,E,146,0.0,0.000000
2,T,2005/05/01,10:13:04,Unknown,51.311807,N,12.412898,E,146,4.2,0.019979
3,T,2005/05/01,10:13:13,Unknown,51.311885,N,12.412773,E,147,4.9,0.032214
4,T,2005/05/01,10:13:57,Unknown,51.312158,N,12.412265,E,142,3.8,0.078821
5,T,2005/05/01,10:14:09,Unknown,51.312235,N,12.412383,E,142,3.6,0.090691
6,T,2005/05/01,10:14:12,Unknown,51.312254,N,12.412417,E,141,3.8,0.093894
7,T,2005/05/01,10:14:18,Unknown,51.312289,N,12.412490,E,142,3.8,0.100304
8,T,2005/05/01,10:15:02,Unknown,51.312633,N,12.412854,E,142,3.8,0.146189
9,T,2005/05/01,10:15:14,Unknown,51.312721,N,12.412819,E,142,3.0,0.156328
10,T,2005/05/01,10:15:26,Unknown,51.312813,N,12.412738,E,143,3.5,0.167963
11,T,2005/05/01,10:15:37,Unknown,51.312811,N,12.412716,E,142,0.5,0.169503
12,T,2005/05/01,10:16:19,Unknown,51.312741,N,12.412754,E,134,0.7,0.177717
13,T,2005/05/01,10:16:32,Unknown,51.312721,N,12.412703,E,136,1.1,0.181862
14,T,2005/05/01,10:16:45,Unknown,51.312764,N,12.412789,E,136,2.1,0.189543
15,T,2005/05/01,10:16:58,Unknown,51.312846,N,12.412965,E,137,4.2,0.204813
16,T,2005/05/01,10:17:10,Unknown,51.312961,N,12.413074,E,139,4.5,0.219683
17,T,2005/05/01,10:17:23,Unknown,51.313048,N,12.413175,E,142,3.3,0.231707
18,T,2005/05/01,10:19:36,Unknown,51.313093,N,12.413024,E,136,0.0,0.000000
19,T,2005/05/01,10:20:39,Unknown,51.312982,N,12.413024,E,148,0.7,0.012335
20,T,2005/05/01,10:20:56,Unknown,51.313009,N,12.413008,E,147,0.7,0.015476
21,T,2005/05/01,10:21:18,Unknown,51.312988,N,12.412968,E,154,0.6,0.019068
22,T,2005/05/01,10:21:26,Unknown,51.313016,N,12.413017,E,151,2.1,0.023676
23,T,2005/05/01,10:22:12,Unknown,51.312980,N,12.413197,E,144,1.0,0.036780
24,T,2005/05/01,10:24:06,Unknown,51.313056,N,12.413118,E,142,0.3,0.046879
25,T,2005/05/01,10:24:40,Unknown,51.312985,N,12.413024,E,134,1.1,0.057151
26,T,2005/05/01,10:24:50,Unknown,51.312896,N,12.412975,E,135,3.8,0.067692
27,T,2005/05/01,10:24:55,Unknown,51.312851,N,12.412962,E,136,3.6,0.072757
28,T,2005/05/01,10:25:00,Unknown,51.312802,N,12.412942,E,135,4.0,0.078361
29,T,2005/05/01,10:40:24,Unknown,51.312498,N,12.413118,E,150,0.0,0.000000
30,T,2005/05/01,10:45:25,Unknown,51.312458,N,12.412885,E,161,0.0,0.000000
31,T,2005/05/01,10:48:46,Unknown,51.312752,N,12.412534,E,161,0.0,0.000000
32,T,2005/05/01,11:02:47,Unknown,51.312957,N,12.413171,E,161,0.0,0.000000
33,T,2005/05/01,11:03:25,Unknown,51.312882,N,12.413239,E,154,0.9,0.009527
34,T,2005/05/01,11:03:39,Unknown,51.312861,N,12.413238,E,148,0.6,0.011888
35,T,2005/05/01,11:04:16,Unknown,51.312823,N,12.413306,E,139,0.6,0.018215
36,T,2005/05/01,11:05:02,Unknown,51.312839,N,12.413275,E,145,0.2,0.020999
37,T,2005/05/01,11:05:45,Unknown,51.312833,N,12.413310,E,134,0.2,0.023516
38,T,2005/05/01,11:06:44,Unknown,51.312787,N,12.413344,E,131,0.3,0.029132
39,T,2005/05/01,11:07:50,Unknown,51.312785,N,12.413334,E,130,0.0,0.029866
40,T,2005/05/01,11:08:19,Unknown,51.312758,N,12.413340,E,132,0.4,0.032902
41,T,2005/05/01,11:11:16,Unknown,51.312818,N,12.413316,E,144,0.1,0.039807
42,T,2005/05/01,11:12:34,Unknown,51.312925,N,12.413445,E,147,0.7,0.054779
43,T,2005/05/01,11:13:18,Unknown,51.312992,N,12.413793,E,145,2.1,0.080088
44,T,2005/05/01,11:13:27,Unknown,51.313043,N,12.413810,E,145,2.3,0.085810
45,T,2005/05/01,11:13:37,Unknown,51.313052,N,12.413842,E,135,0.9,0.088313
46,T,2005/05/01,11:13:46,Unknown,51.313109,N,12.413847,E,135,2.5,0.094573
47,T,2005/05/01,11:14:03,Unknown,51.313214,N,12.413880,E,136,2.5,0.106505
48,T,2005/05/01,11:14:16,Unknown,51.313292,N,12.413966,E,135,2.9,0.117099
49,T,2005/05/01,11:14:26,Unknown,51.313286,N,12.414053,E,139,2.2,0.123185
50,T,2005/05/01,11:14:30,Unknown,51.313268,N,12.414099,E,139,3.4,0.126994
51,T,2005/05/01,11:15:06,Unknown,51.313043,N,12.414609,E,141,4.3,0.170396
52,T,2005/05/01,11:15:27,Unknown,51.312981,N,12.414831,E,140,2.9,0.187364
53,T,2005/05/01,11:15:39,Unknown,51.312927,N,12.414936,E,140,2.8,0.196759
54,T,2005/05/01,11:25:31,Unknown,51.312953,N,12.414974,E,152,0.0,0.200694
55,T,2005/05/01,11:25:40,Unknown,51.312931,N,12.414981,E,152,1.0,0.203203
56,T,2005/05/01,11:29:18,Unknown,51.312962,N,12.414952,E,155,0.1,0.207174
57,T,2005/05/01,11:30:30,Unknown,51.313166,N,12.414594,E,149,1.7,0.240891
58,T,2005/05/01,11:30:37,Unknown,51.313166,N,12.414568,E,150,0.9,0.242699
59,T,2005/05/01,11:30:47,Unknown,51.313160,N,12.414436,E,151,3.3,0.251912
60,T,2005/05/01,11:30:48,Unknown,51.313155,N,12.414391,E,151,11.4,0.255078
61,T,2005/05/01,11:30:52,Unknown,51.313338,N,12.413907,E,150,35.5,0.294489
62,T,2005/05/01,11:30:57,Unknown,51.313706,N,12.413320,E,150,41.6,0.352315
63,T,2005/05/01,11:31:03,Unknown,51.313990,N,12.412864,E,150,26.9,0.397079
64,T,2005/05/01,11:31:10,Unknown,51.314222,N,12.412491,E,150,18.8,0.433687
65,T,2005/05/01,11:32:38,Unknown,51.314650,N,12.409562,E,143,8.6,0.642982
66,T,2005/05/01,11:32:45,Unknown,51.314650,N,12.409492,E,141,2.5,0.647840
67,T,2005/05/01,11:33:17,Unknown,51.314650,N,12.409492,E,143,0.0,0.647840
68,T,2005/05/01,11:33:42,Unknown,51.314650,N,12.409449,E,139,0.4,0.650838
69,T,2005/05/01,11:33:54,Unknown,51.314645,N,12.409356,E,139,2.0,0.657372
70,T,2005/05/01,11:34:04,Unknown,51.314645,N,12.409356,E,138,0.0,0.657372
71,T,2005/05/01,11:34:20,Unknown,51.314645,N,12.409356,E,139,0.0,0.657372
72,T,2005/05/01,11:35:45,Unknown,51.314645,N,12.409356,E,144,0.0,0.657372
73,T,2005/05/01,11:35:56,Unknown,51.314645,N,12.409356,E,145,0.0,0.657372
74,T,2005/05/01,11:37:24,Unknown,51.315119,N,12.410219,E,151,0.0,0.000000
75,T,2005/05/01,12:00:22,Unknown,51.315169,N,12.410345,E,152,0.0,0.010455
76,T,2005/05/01,12:23:08,Unknown,51.315094,N,12.410216,E,137,0.0,0.022696
77,T,2005/05/01,12:24:15,Unknown,51.315064,N,12.410310,E,134,0.4,0.029989
78,T,2005/05/01,12:24:39,Unknown,51.314956,N,12.410359,E,134,1.9,0.042497
79,T,2005/05/01,12:27:23,Unknown,51.314848,N,12.409390,E,135,1.5,0.110987
80,T,2005/05/01,12:27:38,Unknown,51.314837,N,12.409384,E,132,0.3,0.112279
81,T,2005/05/01,12:29:48,Unknown,51.314837,N,12.409448,E,137,0.1,0.116729
82,T,2005/05/01,12:29:53,Unknown,51.314863,N,12.409295,E,136,7.9,0.127697
83,T,2005/05/01,12:31:02,Unknown,51.314115,N,12.406694,E,135,10.4,0.326885
84,T,2005/05/01,12:31:10,Unknown,51.313964,N,12.406226,E,134,16.5,0.363558
85,T,2005/05/01,12:31:15,Unknown,51.313697,N,12.405787,E,133,30.7,0.406227
86,T,2005/05/01,12:31:21,Unknown,51.313341,N,12.404970,E,132,41.6,0.475493
87,T,2005/05/01,12:31:32,Unknown,51.312701,N,12.403500,E,129,40.8,0.600115
88,T,2005/05/01,12:31:41,Unknown,51.312212,N,12.402347,E,128,38.8,0.697106
89,T,2005/05/01,12:31:47,Unknown,51.311849,N,12.401454,E,127,44.4,0.771185
90,T,2005/05/01,12:31:55,Unknown,51.311397,N,12.400106,E,126,47.9,0.877619
91,T,2005/05/01,12:32:03,Unknown,51.311015,N,12.398855,E,125,43.6,0.974544
92,T,2005/05/01,12:32:12,Unknown,51.310660,N,12.397786,E,124,33.7,1.058736
93,T,2005/05/01,12:32:18,Unknown,51.310497,N,12.397280,E,123,23.8,1.098353
94,T,2005/05/01,12:32:24,Unknown,51.310431,N,12.396981,E,123,13.2,1.120434
95,T,2005/05/01,12:33:46,Unknown,51.309607,N,12.393578,E,121,11.2,1.374407
96,T,2005/05/01,12:33:53,Unknown,51.309462,N,12.392356,E,121,44.5,1.460974
97,T,2005/05/01,12:34:03,Unknown,51.309315,N,12.390598,E,120,44.4,1.584345
98,T,2005/05/01,12:34:13,Unknown,51.309242,N,12.388722,E,118,47.1,1.715171
99,T,2005/05/01,12:34:20,Unknown,51.309279,N,12.387513,E,117,43.3,1.799394
100,T,2005/05/01,12:34:27,Unknown,51.309432,N,12.386195,E,115,48.0,1.892697
101,T,2005/05/01,12:34:35,Unknown,51.309623,N,12.384780,E,114,45.3,1.993450
102,T,2005/05/01,12:34:45,Unknown,51.309847,N,12.383128,E,113,42.3,2.111081
103,T,2005/05/01,12:34:56,Unknown,51.310103,N,12.381428,E,113,39.8,2.232742
104,T,2005/05/01,12:35:04,Unknown,51.310238,N,12.380285,E,112,36.4,2.313679
105,T,2005/05/01,12:35:11,Unknown,51.310272,N,12.379325,E,113,34.4,2.380604
106,T,2005/05/01,12:35:16,Unknown,51.310318,N,12.378695,E,113,31.8,2.424749
107,T,2005/05/01,12:35:24,Unknown,51.310385,N,12.377781,E,113,28.8,2.488740
108,T,2005/05/01,12:35:34,Unknown,51.310482,N,12.376459,E,114,33.4,2.581384
109,T,2005/05/01,12:35:43,Unknown,51.310602,N,12.375264,E,113,33.7,2.665620
110,T,2005/05/01,12:35:49,Unknown,51.310681,N,12.374481,E,113,33.1,2.720787
111,T,2005/05/01,12:35:54,Unknown,51.310719,N,12.374114,E,113,18.7,2.746698
112,T,2005/05/01,12:36:56,Unknown,51.308830,N,12.373434,E,115,12.5,2.962242
113,T,2005/05/01,12:37:01,Unknown,51.308537,N,12.373455,E,115,23.4,2.994811
114,T,2005/05/01,12:37:12,Unknown,51.307765,N,12.373494,E,114,28.2,3.080827
115,T,2005/05/01,12:37:19,Unknown,51.307178,N,12.373573,E,116,33.7,3.146437
116,T,2005/05/01,12:37:24,Unknown,51.306580,N,12.373616,E,116,48.0,3.213080
117,T,2005/05/01,12:37:34,Unknown,51.305424,N,12.373781,E,116,46.5,3.342206
118,T,2005/05/01,12:37:41,Unknown,51.304719,N,12.373947,E,115,40.8,3.421616
119,T,2005/05/01,12:37:50,Unknown,51.303804,N,12.374235,E,115,41.5,3.525358
120,T,2005/05/01,12:37:55,Unknown,51.303220,N,12.374188,E,112,46.9,3.590484
121,T,2005/05/01,12:38:00,Unknown,51.302673,N,12.373871,E,112,46.6,3.655244
122,T,2005/05/01,12:38:05,Unknown,51.302235,N,12.373616,E,110,37.3,3.707091
123,T,2005/05/01,12:38:11,Unknown,51.301880,N,12.373242,E,110,28.4,3.754437
124,T,2005/05/01,12:38:13,Unknown,51.301779,N,12.373095,E,109,27.4,3.769643
125,T,2005/05/01,12:38:17,Unknown,51.301608,N,12.372646,E,110,33.0,3.806289
126,T,2005/05/01,12:38:20,Unknown,51.301695,N,12.372244,E,110,35.6,3.835937
127,T,2005/05/01,12:38:23,Unknown,51.301794,N,12.371789,E,110,40.1,3.869392
128,T,2005/05/01,12:38:27,Unknown,51.302062,N,12.371504,E,111,32.2,3.905214
129,T,2005/05/01,12:38:30,Unknown,51.302231,N,12.371544,E,112,22.9,3.924283
130,T,2005/05/01,12:38:33,Unknown,51.302424,N,12.371706,E,113,29.1,3.948564
131,T,2005/05/01,12:38:36,Unknown,51.302430,N,12.372084,E,112,31.6,3.974904
132,T,2005/05/01,12:38:39,Unknown,51.302261,N,12.372511,E,112,42.1,4.010014
133,T,2005/05/01,12:38:45,Unknown,51.301614,N,12.373790,E,112,68.7,4.124543
134,T,2005/05/01,12:38:50,Unknown,51.300973,N,12.374747,E,110,70.3,4.222167
135,T,2005/05/01,12:38:54,Unknown,51.300436,N,12.375403,E,109,67.7,4.297392
136,T,2005/05/01,12:38:59,Unknown,51.299650,N,12.376035,E,107,70.5,4.395323
137,T,2005/05/01,12:39:04,Unknown,51.298766,N,12.376458,E,107,73.9,4.498028
138,T,2005/05/01,12:39:09,Unknown,51.297870,N,12.376556,E,107,72.0,4.597996
139,T,2005/05/01,12:39:15,Unknown,51.296876,N,12.376642,E,108,66.5,4.708840
140,T,2005/05/01,12:39:24,Unknown,51.295282,N,12.376738,E,108,71.0,4.886333
141,T,2005/05/01,12:39:35,Unknown,51.293354,N,12.377548,E,107,72.6,5.108237
142,T,2005/05/01,12:39:41,Unknown,51.292248,N,12.377895,E,110,75.3,5.233730
143,T,2005/05/01,12:39:47,Unknown,51.291143,N,12.378030,E,110,74.0,5.357048
144,T,2005/05/01,12:39:56,Unknown,51.289435,N,12.378082,E,111,76.1,5.547252
145,T,2005/05/01,12:40:07,Unknown,51.287279,N,12.378541,E,112,79.3,5.789440
146,T,2005/05/01,12:40:12,Unknown,51.286388,N,12.379174,E,113,78.1,5.897888
147,T,2005/05/01,12:40:20,Unknown,51.285051,N,12.380287,E,115,75.5,6.065682
148,T,2005/05/01,12:40:30,Unknown,51.283431,N,12.381713,E,116,74.1,6.271558
149,T,2005/05/01,12:40:38,Unknown,51.282192,N,12.382656,E,115,68.8,6.424358
150,T,2005/05/01,12:40:43,Unknown,51.281269,N,12.383118,E,113,77.5,6.531994
151,T,2005/05/01,12:40:48,Unknown,51.280317,N,12.383292,E,112,76.8,6.638662
152,T,2005/05/01,12:40:55,Unknown,51.278896,N,12.383408,E,112,81.5,6.797060
153,T,2005/05/01,12:41:02,Unknown,51.277381,N,12.383365,E,113,86.8,6.965747
154,T,2005/05/01,12:41:08,Unknown,51.275954,N,12.383136,E,111,95.8,7.125451
155,T,2005/05/01,12:41:14,Unknown,51.274602,N,12.382789,E,110,91.4,7.277857
156,T,2005/05/01,12:41:23,Unknown,51.272712,N,12.382217,E,109,85.6,7.491956
157,T,2005/05/01,12:41:26,Unknown,51.271982,N,12.381996,E,109,99.2,7.574653
158,T,2005/05/01,12:41:31,Unknown,51.270829,N,12.381647,E,110,94.1,7.705279
159,T,2005/05/01,12:41:36,Unknown,51.269814,N,12.381455,E,110,82.0,7.819105
160,T,2005/05/01,12:41:44,Unknown,51.268269,N,12.381315,E,111,77.5,7.991376
161,T,2005/05/01,12:41:51,Unknown,51.266803,N,12.381362,E,112,83.9,8.154519
162,T,2005/05/01,12:41:58,Unknown,51.265299,N,12.381627,E,112,86.7,8.323053
163,T,2005/05/01,12:42:05,Unknown,51.263810,N,12.382035,E,112,86.5,8.491155
164,T,2005/05/01,12:42:10,Unknown,51.262920,N,12.382297,E,112,72.6,8.591952
165,T,2005/05/01,12:42:21,Unknown,51.261108,N,12.382890,E,113,67.4,8.797824
166,T,2005/05/01,12:42:25,Unknown,51.260602,N,12.383055,E,113,51.7,8.855300
167,T,2005/05/01,12:42:31,Unknown,51.259785,N,12.383259,E,113,55.2,8.947334
168,T,2005/05/01,12:42:40,Unknown,51.258475,N,12.383584,E,113,59.0,9.094944
169,T,2005/05/01,12:42:54,Unknown,51.256355,N,12.384040,E,113,61.2,9.333048
170,T,2005/05/01,12:43:05,Unknown,51.254621,N,12.384376,E,113,63.6,9.527507
171,T,2005/05/01,12:43:15,Unknown,51.252993,N,12.384618,E,113,65.5,9.709543
172,T,2005/05/01,12:43:22,Unknown,51.251785,N,12.384839,E,113,69.6,9.844868
173,T,2005/05/01,12:43:29,Unknown,51.250456,N,12.385139,E,113,76.9,9.994340
174,T,2005/05/01,12:43:38,Unknown,51.248744,N,12.385718,E,114,77.9,10.189042
175,T,2005/05/01,12:43:46,Unknown,51.247352,N,12.386270,E,115,71.8,10.348709
176,T,2005/05/01,12:43:56,Unknown,51.245662,N,12.387032,E,116,70.4,10.544266
177,T,2005/05/01,12:44:06,Unknown,51.243783,N,12.387762,E,117,77.5,10.759539
178,T,2005/05/01,12:44:15,Unknown,51.242046,N,12.388334,E,116,79.0,10.956957
179,T,2005/05/01,12:44:21,Unknown,51.240937,N,12.388480,E,117,74.3,11.080842
180,T,2005/05/01,12:44:25,Unknown,51.240353,N,12.388557,E,117,58.7,11.146052
181,T,2005/05/01,12:44:32,Unknown,51.239317,N,12.388623,E,116,59.4,11.261489
182,T,2005/05/01,12:44:39,Unknown,51.238276,N,12.388609,E,117,59.6,11.377353
183,T,2005/05/01,12:44:49,Unknown,51.236879,N,12.388590,E,117,56.0,11.532826
184,T,2005/05/01,12:44:59,Unknown,51.235378,N,12.388569,E,117,60.2,11.699917
185,T,2005/05/01,12:45:15,Unknown,51.232896,N,12.388523,E,117,62.2,11.976227
186,T,2005/05/01,12:45:26,Unknown,51.231191,N,12.388352,E,118,62.2,12.166422
187,T,2005/05/01,12:45:32,Unknown,51.230276,N,12.388224,E,120,61.3,12.268650
188,T,2005/05/01,12:45:38,Unknown,51.229241,N,12.388077,E,120,69.4,12.384327
189,T,2005/05/01,12:45:44,Unknown,51.228005,N,12.387978,E,120,82.7,12.522130
190,T,2005/05/01,12:46:02,Unknown,51.224023,N,12.387749,E,123,88.7,12.965718
191,T,2005/05/01,12:46:09,Unknown,51.222415,N,12.387670,E,122,92.1,13.144783
192,T,2005/05/01,12:46:17,Unknown,51.220607,N,12.387600,E,122,90.6,13.346143
193,T,2005/05/01,12:46:23,Unknown,51.219225,N,12.387600,E,122,92.3,13.499988
194,T,2005/05/01,12:46:29,Unknown,51.217835,N,12.387871,E,123,93.5,13.655868
195,T,2005/05/01,12:46:34,Unknown,51.216718,N,12.388321,E,123,92.3,13.784021
196,T,2005/05/01,12:46:40,Unknown,51.215443,N,12.389137,E,124,91.8,13.936954
197,T,2005/05/01,12:46:45,Unknown,51.214415,N,12.390031,E,125,93.9,14.067311
198,T,2005/05/01,12:46:50,Unknown,51.213471,N,12.391125,E,123,93.5,14.197186
199,T,2005/05/01,12:46:55,Unknown,51.212631,N,12.392336,E,122,90.7,14.323166
200,T,2005/05/01,12:47:01,Unknown,51.211786,N,12.393923,E,122,87.1,14.468384
201,T,2005/05/01,12:47:07,Unknown,51.211034,N,12.395703,E,123,89.8,14.618127
202,T,2005/05/01,12:47:16,Unknown,51.209978,N,12.398560,E,121,92.5,14.849466
203,T,2005/05/01,12:47:30,Unknown,51.208374,N,12.403026,E,122,92.3,15.208434
204,T,2005/05/01,12:47:39,Unknown,51.207282,N,12.406068,E,123,97.8,15.452963
205,T,2005/05/01,12:47:48,Unknown,51.206217,N,12.409036,E,120,95.4,15.691512
206,T,2005/05/01,12:47:57,Unknown,51.205105,N,12.411980,E,123,95.9,15.931313
207,T,2005/05/01,12:48:05,Unknown,51.204078,N,12.414440,E,128,92.8,16.137456
208,T,2005/05/01,12:48:13,Unknown,51.203044,N,12.416667,E,134,87.0,16.330794
209,T,2005/05/01,12:48:23,Unknown,51.201779,N,12.419291,E,139,83.1,16.561737
210,T,2005/05/01,12:48:33,Unknown,51.200525,N,12.422076,E,143,86.1,16.800913
211,T,2005/05/01,12:48:38,Unknown,51.200069,N,12.423662,E,143,87.7,16.922652
212,T,2005/05/01,12:48:45,Unknown,51.199554,N,12.425975,E,143,88.0,17.093857
213,T,2005/05/01,12:48:53,Unknown,51.198894,N,12.428777,E,141,94.0,17.302661
214,T,2005/05/01,12:49:03,Unknown,51.197940,N,12.432205,E,138,94.2,17.564326
215,T,2005/05/01,12:49:12,Unknown,51.197101,N,12.435141,E,137,90.0,17.789432
216,T,2005/05/01,12:49:20,Unknown,51.196409,N,12.437859,E,137,92.1,17.994069
217,T,2005/05/01,12:49:25,Unknown,51.196127,N,12.439669,E,136,93.6,18.124128
218,T,2005/05/01,12:49:29,Unknown,51.196040,N,12.441140,E,136,92.8,18.227196
219,T,2005/05/01,12:49:34,Unknown,51.196113,N,12.442970,E,137,92.1,18.355120
220,T,2005/05/01,12:49:41,Unknown,51.196293,N,12.445425,E,138,88.7,18.527563
221,T,2005/05/01,12:49:50,Unknown,51.196520,N,12.448528,E,139,87.2,18.745535
222,T,2005/05/01,12:49:55,Unknown,51.196489,N,12.450275,E,140,87.8,18.867410
223,T,2005/05/01,12:49:59,Unknown,51.196239,N,12.451725,E,140,94.4,18.972288
224,T,2005/05/01,12:50:04,Unknown,51.195871,N,12.453509,E,141,94.4,19.103332
225,T,2005/05/01,12:50:12,Unknown,51.195343,N,12.456193,E,142,88.3,19.299590
226,T,2005/05/01,12:50:17,Unknown,51.195088,N,12.457638,E,142,75.4,19.404305
227,T,2005/05/01,12:50:26,Unknown,51.194672,N,12.460048,E,142,69.7,19.578680
228,T,2005/05/01,12:50:33,Unknown,51.194224,N,12.461839,E,142,69.2,19.713202
229,T,2005/05/01,12:50:39,Unknown,51.193784,N,12.463115,E,142,61.0,19.814845
230,T,2005/05/01,12:50:47,Unknown,51.193223,N,12.464642,E,143,55.6,19.938326
231,T,2005/05/01,12:50:55,Unknown,51.192593,N,12.466349,E,144,62.2,20.076526
232,T,2005/05/01,12:51:02,Unknown,51.192064,N,12.467679,E,145,56.5,20.186439
233,T,2005/05/01,12:51:11,Unknown,51.191291,N,12.469518,E,146,61.8,20.340951
234,T,2005/05/01,12:51:19,Unknown,51.190513,N,12.471314,E,146,68.5,20.493266
235,T,2005/05/01,12:51:27,Unknown,51.189762,N,12.473023,E,146,65.5,20.638871
236,T,2005/05/01,12:51:37,Unknown,51.188806,N,12.475199,E,146,66.7,20.824247
237,T,2005/05/01,12:51:43,Unknown,51.188314,N,12.476320,E,147,57.3,20.919697
238,T,2005/05/01,12:51:49,Unknown,51.187723,N,12.477364,E,149,58.9,21.017913
239,T,2005/05/01,12:51:53,Unknown,51.187218,N,12.477957,E,150,62.8,21.087675
240,T,2005/05/01,12:51:59,Unknown,51.186295,N,12.478689,E,152,68.8,21.202410
241,T,2005/05/01,12:52:06,Unknown,51.185200,N,12.479604,E,153,70.8,21.340020
242,T,2005/05/01,12:52:11,Unknown,51.184551,N,12.480150,E,155,58.8,21.421680
243,T,2005/05/01,12:52:17,Unknown,51.183877,N,12.480718,E,156,50.9,21.506521
244,T,2005/05/01,12:52:22,Unknown,51.183198,N,12.481290,E,157,61.5,21.591983
245,T,2005/05/01,12:52:29,Unknown,51.182126,N,12.482214,E,158,69.8,21.727643
246,T,2005/05/01,12:52:36,Unknown,51.181136,N,12.483059,E,160,64.3,21.852691
247,T,2005/05/01,12:52:43,Unknown,51.180111,N,12.483933,E,159,66.5,21.982031
248,T,2005/05/01,12:52:52,Unknown,51.178617,N,12.485278,E,159,76.4,22.172994
249,T,2005/05/01,12:53:01,Unknown,51.177110,N,12.486649,E,158,77.3,22.366154
250,T,2005/05/01,12:53:11,Unknown,51.175435,N,12.488199,E,156,77.6,22.581739
251,T,2005/05/01,12:53:16,Unknown,51.174714,N,12.488884,E,156,67.2,22.675104
252,T,2005/05/01,12:53:25,Unknown,51.173363,N,12.490121,E,155,69.4,22.848505
253,T,2005/05/01,12:53:34,Unknown,51.171848,N,12.491529,E,154,78.1,23.043752
254,T,2005/05/01,12:53:44,Unknown,51.170087,N,12.493157,E,154,81.6,23.270283
255,T,2005/05/01,12:53:55,Unknown,51.168092,N,12.495011,E,153,84.1,23.527324
256,T,2005/05/01,12:54:02,Unknown,51.166755,N,12.496254,E,152,88.6,23.699593
257,T,2005/05/01,12:54:09,Unknown,51.165286,N,12.497619,E,152,97.3,23.888863
258,T,2005/05/01,12:54:16,Unknown,51.163887,N,12.498919,E,152,92.7,24.069158
259,T,2005/05/01,12:54:26,Unknown,51.161948,N,12.500744,E,151,90.2,24.319804
260,T,2005/05/01,12:54:37,Unknown,51.159814,N,12.502865,E,150,91.6,24.599726
261,T,2005/05/01,12:54:46,Unknown,51.158122,N,12.504699,E,147,91.1,24.827462
262,T,2005/05/01,12:54:56,Unknown,51.156357,N,12.506797,E,145,88.2,25.072534
263,T,2005/05/01,12:55:00,Unknown,51.155667,N,12.507464,E,144,80.8,25.162349
264,T,2005/05/01,12:55:04,Unknown,51.155066,N,12.507858,E,143,65.1,25.234688
265,T,2005/05/01,12:55:10,Unknown,51.154282,N,12.508145,E,143,53.7,25.324234
266,T,2005/05/01,12:55:16,Unknown,51.153399,N,12.508440,E,143,60.2,25.424650
267,T,2005/05/01,12:55:22,Unknown,51.152456,N,12.508719,E,142,64.1,25.531417
268,T,2005/05/01,12:55:27,Unknown,51.151851,N,12.508906,E,141,49.4,25.600022
269,T,2005/05/01,12:55:32,Unknown,51.151153,N,12.509148,E,139,57.2,25.679496
270,T,2005/05/01,12:55:38,Unknown,51.150125,N,12.509460,E,135,69.9,25.796050
271,T,2005/05/01,12:55:44,Unknown,51.149014,N,12.509649,E,133,74.6,25.920433
272,T,2005/05/01,12:55:50,Unknown,51.147942,N,12.509694,E,134,71.6,26.039805
273,T,2005/05/01,12:55:56,Unknown,51.146998,N,12.509721,E,134,63.1,26.144904
274,T,2005/05/01,12:56:06,Unknown,51.145367,N,12.509868,E,137,65.5,26.326751
275,T,2005/05/01,12:56:15,Unknown,51.143804,N,12.509995,E,140,69.7,26.501012
276,T,2005/05/01,12:56:22,Unknown,51.142645,N,12.510077,E,143,66.4,26.630082
277,T,2005/05/01,12:56:31,Unknown,51.141023,N,12.510029,E,145,72.3,26.810710
278,T,2005/05/01,12:56:37,Unknown,51.140067,N,12.509917,E,147,64.0,26.917411
279,T,2005/05/01,12:56:42,Unknown,51.139422,N,12.509842,E,148,51.8,26.989421
280,T,2005/05/01,12:56:49,Unknown,51.138621,N,12.509748,E,149,46.0,27.078824
281,T,2005/05/01,12:56:55,Unknown,51.137987,N,12.509547,E,151,43.2,27.150775
282,T,2005/05/01,12:56:59,Unknown,51.137720,N,12.509432,E,151,27.8,27.181623
283,T,2005/05/01,12:57:03,Unknown,51.137503,N,12.509295,E,151,23.4,27.207578
284,T,2005/05/01,12:57:05,Unknown,51.137389,N,12.509223,E,151,24.6,27.221232
285,T,2005/05/01,12:57:10,Unknown,51.136939,N,12.508940,E,150,38.7,27.275034
286,T,2005/05/01,12:57:11,Unknown,51.136817,N,12.508863,E,150,52.6,27.289653
287,T,2005/05/01,12:57:16,Unknown,51.136083,N,12.508371,E,150,63.8,27.378244
288,T,2005/05/01,12:57:20,Unknown,51.135500,N,12.507978,E,151,63.4,27.448720
289,T,2005/05/01,12:57:29,Unknown,51.134406,N,12.507249,E,151,52.8,27.580793
290,T,2005/05/01,12:57:39,Unknown,51.133262,N,12.506474,E,152,49.8,27.719157
291,T,2005/05/01,12:57:46,Unknown,51.132453,N,12.505995,E,152,49.4,27.815265
292,T,2005/05/01,12:57:53,Unknown,51.131515,N,12.505628,E,153,55.3,27.922700
293,T,2005/05/01,12:58:02,Unknown,51.130321,N,12.505173,E,154,54.7,28.059426
294,T,2005/05/01,12:58:08,Unknown,51.129692,N,12.504971,E,154,42.8,28.130842
295,T,2005/05/01,12:58:15,Unknown,51.128942,N,12.504713,E,154,43.9,28.216189
296,T,2005/05/01,12:58:22,Unknown,51.128218,N,12.504499,E,155,42.2,28.298189
297,T,2005/05/01,12:59:26,Unknown,51.126927,N,12.501781,E,148,13.4,28.536342
298,T,2005/05/01,12:59:35,Unknown,51.126564,N,12.500633,E,142,35.9,28.626168
299,T,2005/05/01,12:59:41,Unknown,51.126297,N,12.499783,E,139,39.9,28.692611
300,T,2005/05/01,12:59:47,Unknown,51.126137,N,12.498737,E,137,45.1,28.767764
301,T,2005/05/01,12:59:54,Unknown,51.126011,N,12.497445,E,133,47.0,28.859126
302,T,2005/05/01,13:00:02,Unknown,51.125778,N,12.495879,E,131,50.6,28.971614
303,T,2005/05/01,13:00:08,Unknown,51.125455,N,12.494621,E,130,56.9,29.066514
304,T,2005/05/01,13:00:14,Unknown,51.125055,N,12.493516,E,130,53.5,29.155648
305,T,2005/05/01,13:00:22,Unknown,51.124459,N,12.492245,E,130,49.9,29.266522
306,T,2005/05/01,13:00:29,Unknown,51.123823,N,12.491211,E,130,52.0,29.367646
307,T,2005/05/01,13:00:39,Unknown,51.122809,N,12.489965,E,131,51.3,29.510217
308,T,2005/05/01,13:00:44,Unknown,51.122453,N,12.489512,E,132,36.6,29.560983
309,T,2005/05/01,13:00:49,Unknown,51.122008,N,12.488997,E,133,44.0,29.622136
310,T,2005/05/01,13:00:55,Unknown,51.121413,N,12.488363,E,134,47.8,29.701802
311,T,2005/05/01,13:00:59,Unknown,51.121045,N,12.487970,E,135,44.4,29.751138
312,T,2005/05/01,13:01:03,Unknown,51.120772,N,12.487390,E,136,45.6,29.801837
313,T,2005/05/01,13:01:04,Unknown,51.120718,N,12.487205,E,135,51.3,29.816091
314,T,2005/05/01,13:01:13,Unknown,51.120289,N,12.485627,E,135,48.0,29.936216
315,T,2005/05/01,13:01:22,Unknown,51.119704,N,12.484282,E,132,45.7,30.050586
316,T,2005/05/01,13:01:26,Unknown,51.119348,N,12.484006,E,134,39.6,30.094579
317,T,2005/05/01,13:01:29,Unknown,51.119055,N,12.484074,E,136,39.5,30.127532
318,T,2005/05/01,13:01:31,Unknown,51.118860,N,12.484183,E,137,41.5,30.150589
319,T,2005/05/01,13:01:40,Unknown,51.117904,N,12.484870,E,140,46.7,30.267358
320,T,2005/05/01,13:01:43,Unknown,51.117417,N,12.485224,E,140,71.5,30.326933
321,T,2005/05/01,13:01:47,Unknown,51.116748,N,12.485753,E,141,74.8,30.410085
322,T,2005/05/01,13:01:51,Unknown,51.116266,N,12.486159,E,141,54.6,30.470744
323,T,2005/05/01,13:01:58,Unknown,51.115429,N,12.486875,E,142,54.4,30.576531
324,T,2005/05/01,13:02:04,Unknown,51.114631,N,12.487564,E,142,60.6,30.677558
325,T,2005/05/01,13:02:11,Unknown,51.113715,N,12.488246,E,142,57.9,30.790076
326,T,2005/05/01,13:02:15,Unknown,51.113330,N,12.488533,E,143,42.7,30.837470
327,T,2005/05/01,13:02:20,Unknown,51.113011,N,12.488770,E,143,28.2,30.876602
328,T,2005/05/01,13:02:32,Unknown,51.112757,N,12.488960,E,143,9.4,30.907868
329,T,2005/05/01,13:02:36,Unknown,51.112484,N,12.489175,E,143,30.5,30.941706
330,T,2005/05/01,13:02:40,Unknown,51.112119,N,12.489573,E,144,44.4,30.991019
331,T,2005/05/01,13:02:46,Unknown,51.111563,N,12.490288,E,145,47.7,31.070556
332,T,2005/05/01,13:02:52,Unknown,51.110973,N,12.490983,E,148,49.0,31.152201
333,T,2005/05/01,13:02:56,Unknown,51.110596,N,12.491136,E,147,39.0,31.195562
334,T,2005/05/01,13:02:57,Unknown,51.110462,N,12.491163,E,146,53.9,31.210534
335,T,2005/05/01,13:03:02,Unknown,51.109656,N,12.491088,E,146,64.7,31.300457
336,T,2005/05/01,13:03:07,Unknown,51.108829,N,12.490816,E,145,67.7,31.394500
337,T,2005/05/01,13:03:11,Unknown,51.108127,N,12.490336,E,147,76.5,31.479542
338,T,2005/05/01,13:03:15,Unknown,51.107419,N,12.489673,E,148,82.3,31.570940
339,T,2005/05/01,13:03:18,Unknown,51.106802,N,12.488877,E,149,106.1,31.659331
340,T,2005/05/01,13:03:22,Unknown,51.106064,N,12.487844,E,150,98.4,31.768702
341,T,2005/05/01,13:03:27,Unknown,51.105286,N,12.486755,E,153,83.0,31.884008
342,T,2005/05/01,13:03:32,Unknown,51.104614,N,12.485814,E,155,71.7,31.983598
343,T,2005/05/01,13:03:39,Unknown,51.103614,N,12.484413,E,157,76.3,32.131907
344,T,2005/05/01,13:03:45,Unknown,51.102730,N,12.483016,E,157,83.2,32.270519
345,T,2005/05/01,13:03:50,Unknown,51.102083,N,12.481608,E,158,87.8,32.392479
346,T,2005/05/01,13:03:56,Unknown,51.101309,N,12.479855,E,158,89.9,32.542312
347,T,2005/05/01,13:04:00,Unknown,51.100644,N,12.478884,E,158,90.4,32.642718
348,T,2005/05/01,13:04:04,Unknown,51.099901,N,12.478090,E,158,89.7,32.742333
349,T,2005/05/01,13:04:09,Unknown,51.098871,N,12.477300,E,159,91.6,32.869598
350,T,2005/05/01,13:04:18,Unknown,51.096908,N,12.476013,E,162,94.5,33.105880
351,T,2005/05/01,13:04:26,Unknown,51.095261,N,12.474914,E,164,89.5,33.304701
352,T,2005/05/01,13:04:31,Unknown,51.094262,N,12.474182,E,165,88.1,33.427087
353,T,2005/05/01,13:04:36,Unknown,51.093451,N,12.473202,E,165,81.6,33.540430
354,T,2005/05/01,13:04:41,Unknown,51.092601,N,12.472367,E,164,80.0,33.651582
355,T,2005/05/01,13:04:46,Unknown,51.091846,N,12.471776,E,163,67.5,33.745269
356,T,2005/05/01,13:04:52,Unknown,51.091075,N,12.471173,E,162,57.4,33.840858
357,T,2005/05/01,13:04:58,Unknown,51.090210,N,12.470464,E,163,65.0,33.949220
358,T,2005/05/01,13:05:04,Unknown,51.089250,N,12.469754,E,164,70.7,34.066998
359,T,2005/05/01,13:05:09,Unknown,51.088362,N,12.469260,E,163,75.4,34.171780
360,T,2005/05/01,13:05:16,Unknown,51.087185,N,12.468659,E,162,70.7,34.309319
361,T,2005/05/01,13:05:22,Unknown,51.086086,N,12.468260,E,160,75.3,34.434825
362,T,2005/05/01,13:05:30,Unknown,51.084526,N,12.467665,E,157,80.4,34.613439
363,T,2005/05/01,13:05:35,Unknown,51.083597,N,12.466996,E,153,81.7,34.726937
364,T,2005/05/01,13:05:45,Unknown,51.081699,N,12.465616,E,155,83.6,34.959198
365,T,2005/05/01,13:05:47,Unknown,51.081366,N,12.465426,E,156,70.8,34.998534
366,T,2005/05/01,13:05:53,Unknown,51.080428,N,12.465114,E,156,64.0,35.105188
367,T,2005/05/01,13:06:00,Unknown,51.079193,N,12.464816,E,152,71.5,35.244304
368,T,2005/05/01,13:06:07,Unknown,51.077972,N,12.464535,E,150,70.6,35.381625
369,T,2005/05/01,13:06:14,Unknown,51.076900,N,12.464253,E,148,62.2,35.502588
370,T,2005/05/01,13:06:23,Unknown,51.075752,N,12.463960,E,147,51.8,35.632013
371,T,2005/05/01,13:06:29,Unknown,51.075013,N,12.463594,E,147,51.7,35.718200
372,T,2005/05/01,13:06:34,Unknown,51.074385,N,12.463097,E,146,56.2,35.796187
373,T,2005/05/01,13:06:38,Unknown,51.073920,N,12.462504,E,146,59.7,35.862569
374,T,2005/05/01,13:06:44,Unknown,51.073308,N,12.461643,E,145,54.5,35.953447
375,T,2005/05/01,13:06:49,Unknown,51.072885,N,12.461060,E,144,44.9,36.015760
376,T,2005/05/01,13:06:54,Unknown,51.072421,N,12.460390,E,144,50.2,36.085525
377,T,2005/05/01,13:07:00,Unknown,51.071722,N,12.459419,E,144,62.0,36.188838
378,T,2005/05/01,13:07:11,Unknown,51.070290,N,12.457437,E,144,69.1,36.400095
379,T,2005/05/01,13:07:17,Unknown,51.069389,N,12.456190,E,144,79.7,36.532986
380,T,2005/05/01,13:07:27,Unknown,51.067874,N,12.454091,E,144,80.5,36.756628
381,T,2005/05/01,13:07:29,Unknown,51.067583,N,12.453806,E,144,68.4,36.794655
382,T,2005/05/01,13:07:33,Unknown,51.067008,N,12.453501,E,144,60.7,36.862121
383,T,2005/05/01,13:07:35,Unknown,51.066717,N,12.453480,E,145,58.4,36.894540
384,T,2005/05/01,13:07:42,Unknown,51.065794,N,12.453458,E,145,52.8,36.997273
385,T,2005/05/01,13:07:50,Unknown,51.064863,N,12.453551,E,146,46.7,37.101151
386,T,2005/05/01,13:07:55,Unknown,51.064358,N,12.453749,E,146,41.7,37.159044
387,T,2005/05/01,13:08:02,Unknown,51.063620,N,12.453990,E,147,43.1,37.242854
388,T,2005/05/01,13:08:09,Unknown,51.062799,N,12.454051,E,147,47.1,37.334386
389,T,2005/05/01,13:08:11,Unknown,51.062575,N,12.454063,E,146,44.9,37.359331
390,T,2005/05/01,13:08:15,Unknown,51.062150,N,12.453842,E,147,44.8,37.409160
391,T,2005/05/01,13:08:19,Unknown,51.061779,N,12.453480,E,147,43.5,37.457537
392,T,2005/05/01,13:08:22,Unknown,51.061455,N,12.453474,E,146,43.3,37.493584
393,T,2005/05/01,13:08:23,Unknown,51.061336,N,12.453520,E,146,49.2,37.507239
394,T,2005/05/01,13:08:29,Unknown,51.060465,N,12.453875,E,147,60.1,37.607385
395,T,2005/05/01,13:08:33,Unknown,51.059683,N,12.454202,E,147,81.0,37.697358
396,T,2005/05/01,13:08:40,Unknown,51.058305,N,12.454766,E,147,81.5,37.855784
397,T,2005/05/01,13:08:42,Unknown,51.057957,N,12.454882,E,147,71.1,37.895272
398,T,2005/05/01,13:08:46,Unknown,51.057273,N,12.454769,E,147,69.0,37.971920
399,T,2005/05/01,13:08:52,Unknown,51.056304,N,12.454395,E,148,66.6,38.082873
400,T,2005/05/01,13:09:01,Unknown,51.054926,N,12.453861,E,148,63.2,38.240771
401,T,2005/05/01,13:09:05,Unknown,51.054544,N,12.453722,E,148,39.2,38.284381
402,T,2005/05/01,13:09:12,Unknown,51.054031,N,12.453494,E,150,30.5,38.343678
403,T,2005/05/01,13:09:20,Unknown,51.053381,N,12.453175,E,150,34.1,38.419417
404,T,2005/05/01,13:09:21,Unknown,51.053322,N,12.453163,E,150,23.9,38.426057
405,T,2005/05/01,13:09:25,Unknown,51.052921,N,12.453220,E,150,40.4,38.470901
406,T,2005/05/01,13:09:34,Unknown,51.051903,N,12.453642,E,148,46.8,38.587942
407,T,2005/05/01,13:09:45,Unknown,51.050603,N,12.454201,E,148,49.1,38.737832
408,T,2005/05/01,13:09:52,Unknown,51.049747,N,12.454443,E,149,49.8,38.834609
409,T,2005/05/01,13:09:58,Unknown,51.048876,N,12.454705,E,149,59.2,38.933294
410,T,2005/05/01,13:10:08,Unknown,51.047411,N,12.455193,E,149,60.0,39.100014
411,T,2005/05/01,13:10:13,Unknown,51.046623,N,12.455403,E,149,64.0,39.188929
412,T,2005/05/01,13:10:17,Unknown,51.045847,N,12.455386,E,148,77.8,39.275329
413,T,2005/05/01,13:10:25,Unknown,51.044222,N,12.455320,E,150,81.4,39.456273
414,T,2005/05/01,13:10:31,Unknown,51.043085,N,12.455363,E,153,76.0,39.582887
415,T,2005/05/01,13:10:35,Unknown,51.042325,N,12.455677,E,155,78.6,39.670212
416,T,2005/05/01,13:10:39,Unknown,51.041613,N,12.456316,E,156,81.9,39.761231
417,T,2005/05/01,13:10:45,Unknown,51.040578,N,12.457351,E,158,81.7,39.897354
418,T,2005/05/01,13:10:50,Unknown,51.039703,N,12.457886,E,162,75.2,40.001752
419,T,2005/05/01,13:10:55,Unknown,51.038720,N,12.458244,E,165,80.8,40.113974
420,T,2005/05/01,13:11:02,Unknown,51.037324,N,12.458650,E,164,81.3,40.271964
421,T,2005/05/01,13:11:09,Unknown,51.035788,N,12.458877,E,162,88.3,40.443699
422,T,2005/05/01,13:11:13,Unknown,51.034811,N,12.458875,E,160,97.9,40.552467
423,T,2005/05/01,13:11:17,Unknown,51.033877,N,12.458608,E,159,95.1,40.658133
424,T,2005/05/01,13:11:23,Unknown,51.032431,N,12.458087,E,160,99.0,40.823150
425,T,2005/05/01,13:11:27,Unknown,51.031495,N,12.457998,E,161,93.9,40.927494
426,T,2005/05/01,13:11:35,Unknown,51.029792,N,12.458097,E,162,85.4,41.117228
427,T,2005/05/01,13:11:39,Unknown,51.029159,N,12.458107,E,162,63.4,41.187697
428,T,2005/05/01,13:11:44,Unknown,51.028558,N,12.458088,E,163,48.2,41.254638
429,T,2005/05/01,13:11:52,Unknown,51.027590,N,12.458099,E,164,48.5,41.362420
430,T,2005/05/01,13:11:59,Unknown,51.026630,N,12.458085,E,165,54.9,41.469252
431,T,2005/05/01,13:12:05,Unknown,51.025723,N,12.457858,E,166,61.3,41.571441
432,T,2005/05/01,13:12:11,Unknown,51.024788,N,12.457501,E,167,64.2,41.678515
433,T,2005/05/01,13:12:17,Unknown,51.023871,N,12.456894,E,167,66.3,41.789027
434,T,2005/05/01,13:12:27,Unknown,51.021929,N,12.455244,E,165,88.2,42.034154
435,T,2005/05/01,13:12:31,Unknown,51.020994,N,12.454745,E,167,98.8,42.143948
436,T,2005/05/01,13:12:35,Unknown,51.020031,N,12.454615,E,168,96.9,42.251579
437,T,2005/05/01,13:12:40,Unknown,51.018781,N,12.454471,E,171,100.5,42.391131
438,T,2005/05/01,13:12:44,Unknown,51.017894,N,12.454368,E,172,89.0,42.490053
439,T,2005/05/01,13:12:49,Unknown,51.016892,N,12.454253,E,174,80.5,42.601876
440,T,2005/05/01,13:12:55,Unknown,51.015723,N,12.454118,E,176,78.3,42.732419
441,T,2005/05/01,13:13:01,Unknown,51.014677,N,12.453997,E,180,70.1,42.849182
442,T,2005/05/01,13:13:08,Unknown,51.013515,N,12.454010,E,186,66.5,42.978546
443,T,2005/05/01,13:13:13,Unknown,51.012609,N,12.454248,E,190,73.6,43.080714
444,T,2005/05/01,13:13:18,Unknown,51.011660,N,12.454727,E,192,79.8,43.191589
445,T,2005/05/01,13:13:23,Unknown,51.010789,N,12.455434,E,194,78.4,43.300476
446,T,2005/05/01,13:13:28,Unknown,51.010001,N,12.456409,E,195,80.0,43.411553
447,T,2005/05/01,13:13:33,Unknown,51.009137,N,12.457520,E,194,89.1,43.535315
448,T,2005/05/01,13:13:40,Unknown,51.007879,N,12.458940,E,190,88.3,43.707029
449,T,2005/05/01,13:13:48,Unknown,51.006393,N,12.460460,E,187,88.5,43.903775
450,T,2005/05/01,13:13:52,Unknown,51.005692,N,12.461390,E,187,91.5,44.005469
451,T,2005/05/01,13:13:56,Unknown,51.005150,N,12.462389,E,186,83.1,44.097850
452,T,2005/05/01,13:14:01,Unknown,51.004546,N,12.463725,E,185,82.9,44.213057
453,T,2005/05/01,13:14:10,Unknown,51.003489,N,12.466263,E,183,85.3,44.426309
454,T,2005/05/01,13:14:15,Unknown,51.002803,N,12.467557,E,182,85.3,44.544781
455,T,2005/05/01,13:14:20,Unknown,51.002002,N,12.468651,E,180,84.7,44.662411
456,T,2005/05/01,13:14:25,Unknown,51.001130,N,12.469548,E,178,83.2,44.778026
457,T,2005/05/01,13:14:30,Unknown,51.000100,N,12.470274,E,175,90.3,44.903400
458,T,2005/05/01,13:14:35,Unknown,50.998985,N,12.470720,E,173,92.2,45.031394
459,T,2005/05/01,13:14:39,Unknown,50.998129,N,12.470893,E,172,86.4,45.127447
460,T,2005/05/01,13:14:44,Unknown,50.997094,N,12.470915,E,172,83.0,45.242719
461,T,2005/05/01,13:14:49,Unknown,50.996059,N,12.470645,E,174,84.0,45.359452
462,T,2005/05/01,13:14:54,Unknown,50.994970,N,12.470196,E,177,90.2,45.484743
463,T,2005/05/01,13:15:03,Unknown,50.992981,N,12.469229,E,184,92.6,45.716293
464,T,2005/05/01,13:15:12,Unknown,50.991137,N,12.468336,E,190,85.8,45.930904
465,T,2005/05/01,13:15:19,Unknown,50.989595,N,12.467590,E,194,92.2,46.110271
466,T,2005/05/01,13:15:26,Unknown,50.987951,N,12.466794,E,198,98.4,46.301657
467,T,2005/05/01,13:15:34,Unknown,50.985987,N,12.465989,E,200,101.6,46.527398
468,T,2005/05/01,13:15:39,Unknown,50.984779,N,12.465678,E,201,98.1,46.663652
469,T,2005/05/01,13:15:45,Unknown,50.983364,N,12.465641,E,199,94.5,46.821194
470,T,2005/05/01,13:15:52,Unknown,50.981831,N,12.465589,E,197,87.8,46.991872
471,T,2005/05/01,13:15:59,Unknown,50.980295,N,12.465364,E,195,88.3,47.163652
472,T,2005/05/01,13:16:05,Unknown,50.978978,N,12.464875,E,193,90.3,47.314099
473,T,2005/05/01,13:16:11,Unknown,50.977680,N,12.464092,E,191,92.8,47.468704
474,T,2005/05/01,13:16:17,Unknown,50.976509,N,12.463130,E,191,88.1,47.615535
475,T,2005/05/01,13:16:23,Unknown,50.975444,N,12.461998,E,193,85.5,47.758117
476,T,2005/05/01,13:16:29,Unknown,50.974452,N,12.460635,E,197,87.7,47.904204
477,T,2005/05/01,13:16:35,Unknown,50.973559,N,12.459012,E,202,90.6,48.055222
478,T,2005/05/01,13:16:41,Unknown,50.972778,N,12.457286,E,207,89.4,48.204239
479,T,2005/05/01,13:16:52,Unknown,50.971536,N,12.453962,E,214,88.7,48.475129
480,T,2005/05/01,13:17:04,Unknown,50.970155,N,12.450278,E,217,90.2,48.775690
481,T,2005/05/01,13:17:15,Unknown,50.968864,N,12.446837,E,220,91.9,49.056478
482,T,2005/05/01,13:17:24,Unknown,50.967733,N,12.443820,E,222,98.4,49.302593
483,T,2005/05/01,13:17:37,Unknown,50.966093,N,12.439415,E,224,99.4,49.661392
484,T,2005/05/01,13:17:47,Unknown,50.964872,N,12.436135,E,223,96.2,49.928492
485,T,2005/05/01,13:17:52,Unknown,50.964413,N,12.434619,E,222,84.9,50.046443
486,T,2005/05/01,13:17:57,Unknown,50.964083,N,12.433249,E,221,74.0,50.149280
487,T,2005/05/01,13:18:04,Unknown,50.963684,N,12.431204,E,220,77.2,50.299375
488,T,2005/05/01,13:18:11,Unknown,50.963391,N,12.429024,E,221,80.4,50.455639
489,T,2005/05/01,13:18:17,Unknown,50.963125,N,12.426971,E,222,88.2,50.602605
490,T,2005/05/01,13:18:26,Unknown,50.962686,N,12.423942,E,225,87.2,50.820486
491,T,2005/05/01,13:18:33,Unknown,50.962208,N,12.421659,E,227,86.8,50.989168
492,T,2005/05/01,13:18:40,Unknown,50.961579,N,12.419486,E,227,86.2,51.156840
493,T,2005/05/01,13:18:46,Unknown,50.960865,N,12.417671,E,227,90.0,51.306883
494,T,2005/05/01,13:18:52,Unknown,50.960035,N,12.415839,E,227,94.9,51.465120
495,T,2005/05/01,13:18:58,Unknown,50.959105,N,12.414160,E,227,94.1,51.621889
496,T,2005/05/01,13:19:03,Unknown,50.958347,N,12.413023,E,226,83.6,51.737997
497,T,2005/05/01,13:19:08,Unknown,50.957628,N,12.412081,E,226,74.7,51.841788
498,T,2005/05/01,13:19:14,Unknown,50.956698,N,12.411014,E,226,76.6,51.969520
499,T,2005/05/01,13:19:20,Unknown,50.955608,N,12.410038,E,227,83.6,52.108813
500,T,2005/05/01,13:19:25,Unknown,50.954543,N,12.409194,E,227,95.4,52.241345
501,T,2005/05/01,13:19:32,Unknown,50.952980,N,12.408084,E,228,98.0,52.431956
502,T,2005/05/01,13:19:38,Unknown,50.951773,N,12.407280,E,226,87.4,52.577617
503,T,2005/05/01,13:19:46,Unknown,50.950304,N,12.406245,E,223,80.5,52.756568
504,T,2005/05/01,13:19:50,Unknown,50.949769,N,12.405830,E,221,59.6,52.822831
505,T,2005/05/01,13:19:58,Unknown,50.948801,N,12.405010,E,218,55.0,52.945026
506,T,2005/05/01,13:20:04,Unknown,50.948176,N,12.404476,E,217,47.4,53.024041
507,T,2005/05/01,13:20:12,Unknown,50.947255,N,12.403680,E,215,52.5,53.140765
508,T,2005/05/01,13:20:17,Unknown,50.946520,N,12.403052,E,218,66.9,53.233627
509,T,2005/05/01,13:20:22,Unknown,50.945659,N,12.402325,E,221,78.2,53.342193
510,T,2005/05/01,13:20:28,Unknown,50.944524,N,12.401376,E,225,85.7,53.485047
511,T,2005/05/01,13:20:32,Unknown,50.943889,N,12.400856,E,227,71.6,53.564547
512,T,2005/05/01,13:20:40,Unknown,50.942678,N,12.399938,E,230,67.2,53.713988
513,T,2005/05/01,13:20:47,Unknown,50.941662,N,12.399199,E,232,64.0,53.838414
514,T,2005/05/01,13:21:03,Unknown,50.941138,N,12.399022,E,232,13.4,53.898069
515,T,2005/05/01,13:21:04,Unknown,50.941159,N,12.399110,E,231,23.8,53.904668
516,T,2005/05/01,13:21:11,Unknown,50.941480,N,12.399952,E,229,35.5,53.973702
517,T,2005/05/01,13:21:23,Unknown,50.942053,N,12.401339,E,225,34.9,54.090043
518,T,2005/05/01,13:21:31,Unknown,50.942381,N,12.402339,E,221,35.6,54.169115
519,T,2005/05/01,13:21:37,Unknown,50.942580,N,12.403306,E,217,42.8,54.240458
520,T,2005/05/01,13:21:41,Unknown,50.942696,N,12.404158,E,213,55.0,54.301562
521,T,2005/05/01,13:21:49,Unknown,50.942842,N,12.406040,E,207,59.9,54.434565
522,T,2005/05/01,13:21:56,Unknown,50.942955,N,12.407497,E,202,53.0,54.537568
523,T,2005/05/01,13:22:02,Unknown,50.942893,N,12.408617,E,199,47.3,54.616428
524,T,2005/05/01,13:22:09,Unknown,50.942823,N,12.410032,E,196,51.2,54.715979
525,T,2005/05/01,13:22:15,Unknown,50.942802,N,12.411101,E,194,45.0,54.791023
526,T,2005/05/01,13:22:21,Unknown,50.942758,N,12.411933,E,194,35.1,54.849569
527,T,2005/05/01,13:22:24,Unknown,50.942697,N,12.412200,E,194,23.9,54.869491
528,T,2005/05/01,13:22:28,Unknown,50.942485,N,12.412536,E,193,30.0,54.902812
529,T,2005/05/01,13:22:36,Unknown,50.941715,N,12.413306,E,192,45.6,55.004145
530,T,2005/05/01,13:22:42,Unknown,50.941203,N,12.413784,E,190,39.7,55.070274
531,T,2005/05/01,13:22:46,Unknown,50.940910,N,12.413921,E,187,30.6,55.104323
532,T,2005/05/01,13:22:54,Unknown,50.940495,N,12.413962,E,185,20.8,55.150593
533,T,2005/05/01,13:23:03,Unknown,50.940165,N,12.414028,E,182,14.8,55.187572
534,T,2005/05/01,13:23:09,Unknown,50.939893,N,12.414094,E,182,18.4,55.218246
535,T,2005/05/01,13:23:18,Unknown,50.939478,N,12.414415,E,182,20.5,55.269579
536,T,2005/05/01,13:23:25,Unknown,50.939077,N,12.414725,E,183,25.5,55.319256
537,T,2005/05/01,13:23:30,Unknown,50.938586,N,12.414783,E,183,39.5,55.374117
538,T,2005/05/01,13:23:36,Unknown,50.937952,N,12.414706,E,182,42.5,55.444874
539,T,2005/05/01,13:23:41,Unknown,50.937300,N,12.414667,E,182,52.3,55.517498
540,T,2005/05/01,13:23:47,Unknown,50.936481,N,12.414954,E,183,56.0,55.610815
541,T,2005/05/01,13:23:52,Unknown,50.935965,N,12.415160,E,183,42.7,55.670063
542,T,2005/05/01,13:23:59,Unknown,50.935349,N,12.415446,E,184,36.7,55.741496
543,T,2005/05/01,13:24:04,Unknown,50.934923,N,12.415835,E,184,39.4,55.796268
544,T,2005/05/01,13:24:10,Unknown,50.934481,N,12.416403,E,184,38.0,55.859528
545,T,2005/05/01,13:24:11,Unknown,50.934414,N,12.416487,E,184,34.4,55.869075
546,T,2005/05/01,13:24:17,Unknown,50.933957,N,12.416874,E,184,34.6,55.926737
547,T,2005/05/01,13:24:22,Unknown,50.933721,N,12.417282,E,183,28.0,55.965568
548,T,2005/05/01,13:24:24,Unknown,50.933696,N,12.417516,E,183,30.0,55.982212
549,T,2005/05/01,13:24:31,Unknown,50.933668,N,12.418108,E,183,21.4,56.023885
550,T,2005/05/01,13:24:32,Unknown,50.933679,N,12.418177,E,183,18.0,56.028873
551,T,2005/05/01,13:24:36,Unknown,50.933728,N,12.418466,E,183,18.9,56.049881
552,T,2005/05/01,13:24:41,Unknown,50.933784,N,12.418803,E,184,17.6,56.074285
553,T,2005/05/01,13:24:46,Unknown,50.933747,N,12.419285,E,183,24.5,56.108359
554,T,2005/05/01,13:24:47,Unknown,50.933725,N,12.419365,E,184,22.0,56.114463
555,T,2005/05/01,13:24:54,Unknown,50.933593,N,12.419767,E,184,16.4,56.146280
556,T,2005/05/01,13:25:04,Unknown,50.933312,N,12.420353,E,184,18.6,56.197907
557,T,2005/05/01,13:25:11,Unknown,50.933124,N,12.420735,E,184,17.5,56.231953
558,T,2005/05/01,13:25:12,Unknown,50.933093,N,12.420752,E,184,13.1,56.235579
559,T,2005/05/01,13:25:16,Unknown,50.932886,N,12.420868,E,184,22.0,56.260049
560,T,2005/05/01,13:25:24,Unknown,50.932310,N,12.421187,E,185,30.5,56.327896
561,T,2005/05/01,13:25:32,Unknown,50.931791,N,12.421527,E,185,28.2,56.390492
562,T,2005/05/01,13:25:37,Unknown,50.931463,N,12.421934,E,185,33.3,56.436793
563,T,2005/05/01,13:25:42,Unknown,50.931112,N,12.422308,E,186,33.9,56.483902
564,T,2005/05/01,13:25:48,Unknown,50.930650,N,12.422478,E,185,31.6,56.536634
565,T,2005/05/01,13:25:49,Unknown,50.930567,N,12.422475,E,185,33.4,56.545921
566,T,2005/05/01,13:25:55,Unknown,50.930213,N,12.422311,E,186,24.6,56.586947
567,T,2005/05/01,13:25:57,Unknown,50.930126,N,12.422271,E,186,18.2,56.597082
568,T,2005/05/01,13:26:03,Unknown,50.929855,N,12.422425,E,187,19.2,56.629060
569,T,2005/05/01,13:26:06,Unknown,50.929688,N,12.422732,E,187,34.2,56.657523
570,T,2005/05/01,13:26:10,Unknown,50.929428,N,12.423475,E,187,53.7,56.717147
571,T,2005/05/01,13:26:14,Unknown,50.928975,N,12.424152,E,187,62.3,56.786403
572,T,2005/05/01,13:26:18,Unknown,50.928685,N,12.424556,E,188,38.7,56.829387
573,T,2005/05/01,13:26:24,Unknown,50.928381,N,12.424981,E,190,27.1,56.874521
574,T,2005/05/01,13:26:28,Unknown,50.928099,N,12.425393,E,188,38.4,56.917133
575,T,2005/05/01,13:26:36,Unknown,50.927433,N,12.426367,E,189,45.4,57.018029
576,T,2005/05/01,13:26:38,Unknown,50.927316,N,12.426537,E,189,31.7,57.035629
577,T,2005/05/01,13:26:42,Unknown,50.927140,N,12.426567,E,190,17.8,57.055391
578,T,2005/05/01,13:26:43,Unknown,50.927107,N,12.426567,E,190,13.0,57.059002
579,T,2005/05/01,13:26:48,Unknown,50.926884,N,12.426639,E,190,18.3,57.084363
580,T,2005/05/01,13:26:50,Unknown,50.926772,N,12.426959,E,190,46.1,57.109976
581,T,2005/05/01,13:26:54,Unknown,50.926494,N,12.427582,E,190,48.2,57.163553
582,T,2005/05/01,13:26:59,Unknown,50.926026,N,12.428198,E,190,48.8,57.231278
583,T,2005/05/01,13:27:06,Unknown,50.925234,N,12.429118,E,191,56.2,57.340560
584,T,2005/05/01,13:27:14,Unknown,50.924345,N,12.430083,E,193,54.0,57.460476
585,T,2005/05/01,13:27:20,Unknown,50.923737,N,12.430582,E,194,45.7,57.536617
586,T,2005/05/01,13:27:26,Unknown,50.923259,N,12.430975,E,196,36.0,57.596607
587,T,2005/05/01,13:27:32,Unknown,50.922923,N,12.431252,E,195,25.3,57.638791
588,T,2005/05/01,13:27:38,Unknown,50.922616,N,12.431505,E,195,23.1,57.677269
589,T,2005/05/01,13:27:45,Unknown,50.922184,N,12.432010,E,193,30.8,57.737067
590,T,2005/05/01,13:27:50,Unknown,50.921959,N,12.432288,E,193,22.8,57.768781
591,T,2005/05/01,13:27:55,Unknown,50.921860,N,12.432409,E,193,10.0,57.782653
592,T,2005/05/01,13:28:00,Unknown,50.921810,N,12.432633,E,193,12.0,57.799365
593,T,2005/05/01,13:28:04,Unknown,50.921901,N,12.432815,E,193,14.6,57.815631
594,T,2005/05/01,13:28:09,Unknown,50.922164,N,12.433379,E,191,35.5,57.864876
595,T,2005/05/01,13:28:16,Unknown,50.922348,N,12.434395,E,190,38.1,57.939031
596,T,2005/05/01,13:28:17,Unknown,50.922361,N,12.434537,E,190,36.3,57.949111
597,T,2005/05/01,13:28:22,Unknown,50.922421,N,12.435239,E,189,35.8,57.998837
598,T,2005/05/01,13:28:27,Unknown,50.922446,N,12.435800,E,189,28.4,58.038300
599,T,2005/05/01,13:28:37,Unknown,50.922409,N,12.436349,E,189,13.9,58.077046
600,T,2005/05/01,13:28:43,Unknown,50.922282,N,12.436841,E,189,22.4,58.114358
601,T,2005/05/01,13:28:49,Unknown,50.922126,N,12.437639,E,190,35.2,58.172944
602,T,2005/05/01,13:28:54,Unknown,50.922103,N,12.438556,E,191,46.4,58.237342
603,T,2005/05/01,13:28:56,Unknown,50.922103,N,12.438973,E,190,52.7,58.266628
604,T,2005/05/01,13:29:00,Unknown,50.921970,N,12.439605,E,189,42.1,58.313395
605,T,2005/05/01,13:29:01,Unknown,50.921894,N,12.439731,E,189,44.1,58.325651
606,T,2005/05/01,13:29:09,Unknown,50.921326,N,12.440666,E,189,41.0,58.416759
607,T,2005/05/01,13:29:14,Unknown,50.920901,N,12.440986,E,188,37.7,58.469096
608,T,2005/05/01,13:29:17,Unknown,50.920613,N,12.441106,E,188,39.8,58.502278
609,T,2005/05/01,13:29:22,Unknown,50.920192,N,12.441598,E,189,41.9,58.560499
610,T,2005/05/01,13:29:26,Unknown,50.920086,N,12.442097,E,190,33.2,58.597403
611,T,2005/05/01,13:29:28,Unknown,50.920086,N,12.442311,E,190,27.1,58.612444
612,T,2005/05/01,13:29:35,Unknown,50.920129,N,12.442951,E,190,23.2,58.657588
613,T,2005/05/01,13:29:40,Unknown,50.920205,N,12.443608,E,190,33.8,58.704530
614,T,2005/05/01,13:29:45,Unknown,50.920212,N,12.444140,E,190,26.9,58.741835
615,T,2005/05/01,13:29:52,Unknown,50.920144,N,12.444591,E,190,16.7,58.774334
616,T,2005/05/01,13:30:12,Unknown,50.920088,N,12.444964,E,192,4.8,58.801266
617,T,2005/05/01,13:30:16,Unknown,50.919914,N,12.444931,E,192,17.6,58.820775
618,T,2005/05/01,13:30:21,Unknown,50.919390,N,12.444783,E,192,42.6,58.879973
619,T,2005/05/01,13:30:25,Unknown,50.918810,N,12.444611,E,191,59.2,58.945712
620,T,2005/05/01,13:30:30,Unknown,50.917951,N,12.444357,E,191,70.0,59.042990
621,T,2005/05/01,13:30:33,Unknown,50.917284,N,12.444159,E,191,90.7,59.118535
622,T,2005/05/01,13:30:37,Unknown,50.916253,N,12.443855,E,191,105.0,59.235196
623,T,2005/05/01,13:30:42,Unknown,50.914942,N,12.443467,E,191,106.9,59.383692
624,T,2005/05/01,13:30:45,Unknown,50.914320,N,12.443283,E,191,84.6,59.454158
625,T,2005/05/01,13:30:50,Unknown,50.913452,N,12.443026,E,192,70.7,59.552397
626,T,2005/05/01,13:30:57,Unknown,50.912402,N,12.442715,E,192,61.2,59.671365
627,T,2005/05/01,13:31:03,Unknown,50.911632,N,12.442532,E,192,52.0,59.758058
628,T,2005/05/01,13:31:08,Unknown,50.911194,N,12.442452,E,192,35.3,59.807047
629,T,2005/05/01,13:31:12,Unknown,50.910853,N,12.442225,E,192,37.1,59.848244
630,T,2005/05/01,13:31:16,Unknown,50.910499,N,12.441871,E,191,41.9,59.894793
631,T,2005/05/01,13:31:20,Unknown,50.910078,N,12.441645,E,192,44.5,59.944264
632,T,2005/05/01,13:31:25,Unknown,50.909394,N,12.441376,E,193,56.5,60.022761
633,T,2005/05/01,13:31:30,Unknown,50.908554,N,12.441062,E,195,69.2,60.118820
634,T,2005/05/01,13:31:35,Unknown,50.907626,N,12.440727,E,198,76.3,60.224798
635,T,2005/05/01,13:31:40,Unknown,50.906859,N,12.440450,E,198,63.0,60.312345
636,T,2005/05/01,13:31:48,Unknown,50.905495,N,12.439957,E,199,70.1,60.468122
637,T,2005/05/01,13:31:52,Unknown,50.904941,N,12.440009,E,200,55.5,60.529834
638,T,2005/05/01,13:31:59,Unknown,50.903901,N,12.440214,E,199,60.0,60.646543
639,T,2005/05/01,13:32:06,Unknown,50.902791,N,12.440429,E,198,64.0,60.771007
640,T,2005/05/01,13:32:14,Unknown,50.901570,N,12.440729,E,197,61.9,60.908597
641,T,2005/05/01,13:32:19,Unknown,50.900858,N,12.440772,E,198,57.1,60.987890
642,T,2005/05/01,13:32:24,Unknown,50.900119,N,12.440472,E,198,61.1,61.072816
643,T,2005/05/01,13:32:28,Unknown,50.899586,N,12.440054,E,199,59.5,61.138944
644,T,2005/05/01,13:32:33,Unknown,50.899120,N,12.439320,E,198,52.7,61.212126
645,T,2005/05/01,13:32:38,Unknown,50.898750,N,12.438750,E,198,41.3,61.269535
646,T,2005/05/01,13:32:43,Unknown,50.898303,N,12.438202,E,198,45.3,61.332439
647,T,2005/05/01,13:32:53,Unknown,50.897388,N,12.437213,E,197,44.3,61.455626
648,T,2005/05/01,13:33:04,Unknown,50.896416,N,12.436162,E,197,42.9,61.586669
649,T,2005/05/01,13:33:13,Unknown,50.895656,N,12.435360,E,197,40.6,61.688267
650,T,2005/05/01,13:33:18,Unknown,50.895155,N,12.434977,E,197,44.6,61.750188
651,T,2005/05/01,13:33:26,Unknown,50.894323,N,12.434529,E,198,44.0,61.848040
652,T,2005/05/01,13:33:35,Unknown,50.893487,N,12.434103,E,198,39.1,61.945738
653,T,2005/05/01,13:33:42,Unknown,50.892708,N,12.433713,E,198,46.8,62.036735
654,T,2005/05/01,13:33:49,Unknown,50.891906,N,12.433443,E,199,46.9,62.127932
655,T,2005/05/01,13:33:56,Unknown,50.891069,N,12.433517,E,200,48.0,62.221271
656,T,2005/05/01,13:34:01,Unknown,50.890577,N,12.433571,E,201,39.5,62.276182
657,T,2005/05/01,13:34:06,Unknown,50.890233,N,12.433617,E,201,27.7,62.314639
658,T,2005/05/01,13:34:12,Unknown,50.889765,N,12.433695,E,202,31.4,62.367028
659,T,2005/05/01,13:34:20,Unknown,50.889082,N,12.433862,E,200,34.6,62.443918
660,T,2005/05/01,13:34:26,Unknown,50.888645,N,12.433987,E,201,29.7,62.493381
661,T,2005/05/01,13:34:30,Unknown,50.888502,N,12.433783,E,200,19.3,62.514834
662,T,2005/05/01,13:34:31,Unknown,50.888487,N,12.433669,E,200,29.4,62.522992
663,T,2005/05/01,13:34:39,Unknown,50.888357,N,12.432541,E,197,36.2,62.603490
664,T,2005/05/01,13:34:40,Unknown,50.888344,N,12.432405,E,196,34.8,62.613160
665,T,2005/05/01,13:34:43,Unknown,50.888244,N,12.432020,E,195,35.1,62.642440
666,T,2005/05/01,13:34:52,Unknown,50.887797,N,12.431006,E,195,34.7,62.729288
667,T,2005/05/01,13:34:56,Unknown,50.887535,N,12.430778,E,195,29.9,62.762550
668,T,2005/05/01,13:34:59,Unknown,50.887259,N,12.430858,E,195,37.4,62.793751
669,T,2005/05/01,13:35:05,Unknown,50.886707,N,12.431030,E,198,37.6,62.856415
670,T,2005/05/01,13:35:11,Unknown,50.886125,N,12.430958,E,198,39.0,62.921433
671,T,2005/05/01,13:35:19,Unknown,50.885392,N,12.430669,E,198,37.8,63.005436
672,T,2005/05/01,13:35:20,Unknown,50.885314,N,12.430651,E,198,31.8,63.014264
673,T,2005/05/01,13:35:23,Unknown,50.885068,N,12.430644,E,198,32.9,63.041682
674,T,2005/05/01,13:35:29,Unknown,50.884541,N,12.430359,E,199,37.1,63.103592
675,T,2005/05/01,13:35:33,Unknown,50.884168,N,12.430138,E,199,40.0,63.147985
676,T,2005/05/01,13:35:38,Unknown,50.883691,N,12.430124,E,199,38.2,63.201039
677,T,2005/05/01,13:35:43,Unknown,50.883234,N,12.430457,E,200,40.3,63.257072
678,T,2005/05/01,13:35:46,Unknown,50.882936,N,12.430656,E,200,43.2,63.293068
679,T,2005/05/01,13:35:53,Unknown,50.882198,N,12.431007,E,201,44.1,63.378826
680,T,2005/05/01,13:35:54,Unknown,50.882101,N,12.431078,E,201,42.9,63.390753
681,T,2005/05/01,13:35:59,Unknown,50.881550,N,12.431629,E,202,52.2,63.463218
682,T,2005/05/01,13:36:04,Unknown,50.880904,N,12.432232,E,204,60.1,63.546674
683,T,2005/05/01,13:36:11,Unknown,50.880266,N,12.432622,E,206,39.2,63.622822
684,T,2005/05/01,13:36:17,Unknown,50.879580,N,12.432925,E,208,47.6,63.702133
685,T,2005/05/01,13:36:22,Unknown,50.878839,N,12.433235,E,211,61.4,63.787369
686,T,2005/05/01,13:36:26,Unknown,50.878117,N,12.433547,E,213,75.0,63.870721
687,T,2005/05/01,13:36:31,Unknown,50.877321,N,12.433900,E,215,66.2,63.962729
688,T,2005/05/01,13:36:36,Unknown,50.876635,N,12.434318,E,214,58.9,64.044492
689,T,2005/05/01,13:36:43,Unknown,50.875813,N,12.434859,E,214,51.0,64.143652
690,T,2005/05/01,13:36:48,Unknown,50.875359,N,12.435157,E,215,39.4,64.198338
691,T,2005/05/01,13:36:55,Unknown,50.874697,N,12.435130,E,216,37.9,64.272076
692,T,2005/05/01,13:37:01,Unknown,50.874043,N,12.435033,E,217,43.9,64.345217
693,T,2005/05/01,13:37:08,Unknown,50.873160,N,12.434813,E,221,51.1,64.444673
694,T,2005/05/01,13:37:13,Unknown,50.872599,N,12.434662,E,221,45.6,64.508060
695,T,2005/05/01,13:37:17,Unknown,50.872161,N,12.434336,E,221,48.5,64.561905
696,T,2005/05/01,13:37:18,Unknown,50.872063,N,12.434205,E,221,51.2,64.576139
697,T,2005/05/01,13:37:25,Unknown,50.871347,N,12.433400,E,220,50.3,64.673873
698,T,2005/05/01,13:37:31,Unknown,50.870609,N,12.432750,E,219,56.4,64.767911
699,T,2005/05/01,13:37:36,Unknown,50.869957,N,12.432055,E,218,63.0,64.855380
700,T,2005/05/01,13:37:41,Unknown,50.869408,N,12.431467,E,218,53.1,64.929133
701,T,2005/05/01,13:37:52,Unknown,50.868217,N,12.430463,E,218,49.1,65.079286
702,T,2005/05/01,13:38:01,Unknown,50.867181,N,12.429664,E,218,51.3,65.207594
703,T,2005/05/01,13:38:08,Unknown,50.866357,N,12.429271,E,217,49.2,65.303295
704,T,2005/05/01,13:38:13,Unknown,50.865707,N,12.429124,E,218,52.6,65.376392
705,T,2005/05/01,13:38:19,Unknown,50.864820,N,12.429064,E,223,59.3,65.475248
706,T,2005/05/01,13:38:24,Unknown,50.864143,N,12.429017,E,227,54.4,65.550747
707,T,2005/05/01,13:38:29,Unknown,50.863508,N,12.428683,E,231,53.6,65.625192
708,T,2005/05/01,13:38:37,Unknown,50.862463,N,12.428125,E,239,55.2,65.747948
709,T,2005/05/01,13:38:43,Unknown,50.861722,N,12.427792,E,235,51.4,65.833655
710,T,2005/05/01,13:38:50,Unknown,50.860967,N,12.427363,E,231,45.9,65.922992
711,T,2005/05/01,13:38:56,Unknown,50.860394,N,12.426871,E,230,43.5,65.995554
712,T,2005/05/01,13:39:02,Unknown,50.859941,N,12.426539,E,229,33.3,66.051122
713,T,2005/05/01,13:39:04,Unknown,50.859798,N,12.426484,E,228,29.5,66.067484
714,T,2005/05/01,13:39:08,Unknown,50.859487,N,12.426488,E,228,31.2,66.102149
715,T,2005/05/01,13:39:12,Unknown,50.859169,N,12.426579,E,226,32.3,66.138092
716,T,2005/05/01,13:39:17,Unknown,50.858791,N,12.426404,E,222,31.6,66.181949
717,T,2005/05/01,13:39:19,Unknown,50.858723,N,12.426191,E,221,30.2,66.198713
718,T,2005/05/01,13:39:28,Unknown,50.858528,N,12.425201,E,216,29.1,66.271552
719,T,2005/05/01,13:39:31,Unknown,50.858467,N,12.424848,E,214,30.9,66.297291
720,T,2005/05/01,13:39:35,Unknown,50.858306,N,12.424504,E,212,27.0,66.327325
721,T,2005/05/01,13:39:47,Unknown,50.858041,N,12.424475,E,213,8.9,66.356920
722,T,2005/05/01,13:39:52,Unknown,50.857944,N,12.424237,E,212,14.3,66.376768
723,T,2005/05/01,13:40:00,Unknown,50.857944,N,12.423774,E,208,14.7,66.409334
724,T,2005/05/01,13:40:04,Unknown,50.857988,N,12.423327,E,206,28.6,66.441093
725,T,2005/05/01,13:40:11,Unknown,50.858105,N,12.422577,E,204,27.9,66.495417
726,T,2005/05/01,13:40:20,Unknown,50.858224,N,12.421652,E,204,26.5,66.561752
727,T,2005/05/01,13:40:25,Unknown,50.858166,N,12.421063,E,204,30.1,66.603583
728,T,2005/05/01,13:40:27,Unknown,50.858042,N,12.420882,E,205,33.7,66.622287
729,T,2005/05/01,13:40:34,Unknown,50.857680,N,12.420416,E,206,26.7,66.674251
730,T,2005/05/01,13:40:35,Unknown,50.857652,N,12.420360,E,206,18.2,66.679300
731,T,2005/05/01,13:40:41,Unknown,50.857503,N,12.419925,E,207,20.9,66.714086
732,T,2005/05/01,13:40:50,Unknown,50.857472,N,12.419117,E,208,22.7,66.770921
733,T,2005/05/01,13:40:57,Unknown,50.857480,N,12.418595,E,207,18.9,66.807608
734,T,2005/05/01,13:41:02,Unknown,50.857487,N,12.418415,E,206,9.1,66.820283
735,T,2005/05/01,13:41:09,Unknown,50.857496,N,12.418177,E,205,8.6,66.837060
736,T,2005/05/01,13:41:22,Unknown,50.857506,N,12.417914,E,206,5.1,66.855589
737,T,2005/05/01,13:42:12,Unknown,50.857511,N,12.417801,E,208,0.6,66.863573
738,T,2005/05/01,13:46:49,Unknown,50.857706,N,12.417912,E,204,0.0,0.000000
739,T,2005/05/01,13:47:08,Unknown,50.857711,N,12.417962,E,204,0.7,0.003561
740,T,2005/05/01,13:48:02,Unknown,50.857707,N,12.417970,E,209,0.0,0.004240
741,T,2005/05/01,14:08:06,Unknown,50.857791,N,12.417925,E,222,0.0,0.014084
742,T,2005/05/01,14:19:32,Unknown,50.857721,N,12.417854,E,219,0.0,0.000000
743,T,2005/05/01,14:34:27,Unknown,50.857781,N,12.417968,E,199,0.0,0.010443
744,T,2005/05/01,14:52:06,Unknown,50.857700,N,12.417843,E,217,0.0,0.023053
745,T,2005/05/01,14:53:36,Unknown,50.857767,N,12.417909,E,210,0.4,0.031847
746,T,2005/05/01,14:53:47,Unknown,50.857776,N,12.417942,E,208,0.8,0.034344
747,T,2005/05/01,14:54:00,Unknown,50.857783,N,12.417961,E,208,0.4,0.035873
