"DISTANCE","activity_id","HEARTRATE","SPEED","STEPS_PER_MINUTE","LATITUDE","repetitions","temperature","INSTANT_TORQUE_CRANK","timestamp_epoch","ELEVATION","POWER","STRIDES","wheel_torque","CALORIEBURN","LONGITUDE","CADENCE","heading","STEP_RATE"
"0.41935825","4","86.0","0.0","0","37.781487","0","0.0","0","1340931788091","151.0","0","0","0","0.0","-122.40523","0","228","0"
"0.41935825","4","87.0","0.0","0","37.781487","0","0.0","0","1340931789076","151.0","0","0","0","1.0","-122.40523","0","228","0"
"0.41935825","4","86.0","0.0","0","37.781487","0","0.0","0","1340931790060","151.0","0","0","0","1.0","-122.40523","0","228","0"
"0.41935825","4","86.0","0.0","0","37.781487","0","0.0","0","1340931791046","151.0","0","0","0","1.0","-122.40523","0","228","0"
"0.41935825","4","84.0","0.0","0","37.781487","0","0.0","0","1340931792032","151.0","0","0","0","1.0","-122.40523","0","228","0"
"0.41935825","4","83.0","0.0","0","37.781487","0","0.0","0","1340931793016","151.0","0","0","0","1.0","-122.40523","0","228","0"
"0.41935825","4","82.0","0.0","0","37.781487","0","0.0","0","1340931794003","151.0","0","0","0","1.0","-122.40523","0","228","0"
"0.41935825","4","81.0","0.0","0","37.781487","0","0.0","0","1340931794982","151.0","0","0","0","1.0","-122.40523","0","228","0"
"0.41935825","4","80.0","0.0","0","37.781487","0","0.0","0","1340931795972","151.0","0","0","0","1.0","-122.40523","0","228","0"
"0.41935825","4","79.0","0.0","0","37.781487","0","0.0","0","1340931796953","151.0","0","0","0","1.0","-122.40523","0","228","0"
"0.41935825","4","79.0","0.0","0","37.781487","0","0.0","0","1340931797942","151.0","0","0","0","1.0","-122.40523","0","228","0"
"0.41935825","4","79.0","0.0","0","37.781487","0","0.0","0","1340931798927","151.0","0","0","0","1.0","-122.40523","0","228","0"
"0.41935825","4","79.0","0.0","0","37.781487","0","0.0","0","1340931799912","151.0","0","0","0","1.0","-122.40523","0","228","0"
"0.41935825","4","79.0","0.0","0","37.781487","0","0.0","0","1340931800897","151.0","0","0","0","1.0","-122.40523","0","228","0"
"0.41935825","4","79.0","0.0","0","37.781487","0","0.0","0","1340931801882","151.0","0","0","0","1.0","-122.40523","0","228","0"
"0.41935825","4","79.0","0.0","0","37.781487","0","0.0","0","1340931802867","151.0","0","0","0","1.0","-122.40523","0","228","0"
"0.41935825","4","79.0","0.0","0","37.781487","0","0.0","0","1340931803852","151.0","0","0","0","1.0","-122.40523","0","228","0"
"0.41935825","4","79.0","0.0","0","37.781487","0","0.0","0","1340931804838","151.0","0","0","0","1.0","-122.40523","0","228","0"
"1.7993584","4","79.0","0.285108","0","37.781693","0","0.0","0","1340931805822","4.0","0","0","0","1.0","-122.40586","0","152","0"
"4.7124085","4","79.0","1.48699","0","37.78171","0","0.0","0","1340931806807","4.0","0","0","0","1.0","-122.40584","0","98","0"
"8.341761","4","79.0","2.0645733","0","37.781742","0","0.0","0","1340931807816","4.0","0","0","0","1.0","-122.40582","0","64","0"
"11.347218","4","79.0","2.3953598","0","37.781765","0","0.0","0","1340931808766","4.0","0","0","0","1.0","-122.40581","0","52","0"
"14.106195","4","79.0","2.647808","0","37.781788","0","0.0","0","1340931809752","4.0","0","0","0","1.0","-122.405785","14","46","0"
"17.621407","4","80.0","2.6990566","0","37.781815","0","0.0","0","1340931810739","4.0","0","0","0","1.0","-122.40577","14","42","0"
"20.722172","4","80.0","2.7635787","0","37.781837","0","0.0","0","1340931811727","5.0","0","0","0","2.0","-122.405754","23","38","0"
"23.985996","4","80.0","2.94265","0","37.781864","0","0.0","0","1340931812713","5.0","0","0","0","2.0","-122.40573","23","36","0"
"27.111235","4","80.0","3.1490386","0","37.781887","0","0.0","0","1340931813700","5.0","0","0","0","2.0","-122.40571","23","34","0"
"29.893375","4","81.0","3.2191598","0","37.78191","0","0.0","0","1340931814691","5.0","0","0","0","2.0","-122.4057","23","34","0"
"32.706985","4","82.0","3.1323657","0","37.781937","0","0.0","0","1340931815672","5.0","0","0","0","2.0","-122.40569","23","32","0"
"35.807518","4","83.0","3.0349176","0","37.781963","0","0.0","0","1340931816657","5.0","0","0","0","2.0","-122.40569","23","30","0"
"38.1594","4","84.0","2.9415329","0","37.781982","0","0.0","0","1340931817644","5.0","0","0","0","2.0","-122.405685","23","28","0"
"39.766365","4","85.0","2.7257316","0","37.781998","0","0.0","0","1340931818629","5.0","0","0","0","2.0","-122.40569","23","26","0"
"41.131294","4","85.0","2.3668146","0","37.78201","0","0.0","0","1340931819614","5.0","0","0","0","2.0","-122.40569","23","24","0"
"42.489445","4","85.0","2.0079048","0","37.78202","0","0.0","0","1340931820599","5.0","0","0","0","2.0","-122.40569","23","24","0"
"43.92701","4","85.0","1.7741024","0","37.782036","0","0.0","0","1340931821585","5.0","0","0","0","2.0","-122.40569","19","22","0"
"45.226437","4","85.0","1.6732941","0","37.782043","0","0.0","0","1340931822564","5.0","0","0","0","2.0","-122.4057","19","20","0"
"46.0639","4","85.0","1.621908","0","37.78205","0","0.0","0","1340931823554","5.0","0","0","0","2.0","-122.4057","19","20","0"
"47.67338","4","84.0","1.589623","0","37.782066","0","0.0","0","1340931824534","5.0","0","0","0","2.0","-122.4057","19","18","0"
"48.858086","4","84.0","1.5753372","0","37.782066","0","0.0","0","1340931825519","5.0","0","0","0","2.0","-122.405685","19","18","0"
"50.219894","4","84.0","1.3822058","0","37.78206","0","0.0","0","1340931826509","5.0","0","0","0","2.0","-122.40567","19","18","0"
"51.61686","4","83.0","0.84471506","0","37.78205","0","0.0","0","1340931827495","6.0","0","0","0","2.0","-122.40566","19","18","0"
"51.61686","4","83.0","0.21709631","0","37.782043","0","0.0","0","1340931828480","7.0","0","0","0","2.0","-122.40566","19","18","0"
"51.61686","4","82.0","0.0","0","37.782043","0","0.0","0","1340931829464","7.0","0","0","0","2.0","-122.40566","19","18","0"
"51.61686","4","82.0","0.0","0","37.782043","0","0.0","0","1340931830449","7.0","0","0","0","2.0","-122.40566","19","18","0"
"51.61686","4","81.0","0.0","0","37.782043","0","0.0","0","1340931831435","7.0","0","0","0","2.0","-122.40566","19","18","0"
"51.61686","4","81.0","0.0","0","37.782043","0","0.0","0","1340931832419","7.0","0","0","0","3.0","-122.40566","19","18","0"
"51.61686","4","81.0","0.0","0","37.782043","0","0.0","0","1340931833403","7.0","0","0","0","3.0","-122.40566","19","18","0"
"51.61686","4","81.0","0.0","0","37.782043","0","0.0","0","1340931834388","7.0","0","0","0","3.0","-122.40566","19","18","0"
"51.61686","4","81.0","0.0","0","37.782043","0","0.0","0","1340931835373","7.0","0","0","0","3.0","-122.40566","19","18","0"
"51.61686","4","81.0","0.0","0","37.782043","0","0.0","0","1340931836359","7.0","0","0","0","3.0","-122.40566","19","18","0"
"51.61686","4","80.0","0.0","0","37.782043","0","0.0","0","1340931837343","7.0","0","0","0","3.0","-122.40566","19","18","0"
"51.61686","4","80.0","0.0","0","37.782043","0","0.0","0","1340931838328","7.0","0","0","0","3.0","-122.40566","19","18","0"
"51.61686","4","79.0","0.0","0","37.782043","0","0.0","0","1340931839312","7.0","0","0","0","3.0","-122.40566","19","18","0"
"51.61686","4","78.0","0.0","0","37.782043","0","0.0","0","1340931840294","7.0","0","0","0","3.0","-122.40566","15","18","0"
"51.61686","4","78.0","0.0","0","37.782043","0","0.0","0","1340931841211","7.0","0","0","0","3.0","-122.40566","15","18","0"
"52.14549","4","77.0","0.10743199","0","37.782032","0","0.0","0","1340931842212","6.0","0","0","0","3.0","-122.40563","15","24","0"
"52.472034","4","77.0","0.406952","0","37.782036","0","0.0","0","1340931843208","6.0","0","0","0","3.0","-122.40563","21","24","0"
"52.472034","4","77.0","0.027750798","0","37.78204","0","0.0","0","1340931844210","7.0","0","0","0","3.0","-122.40563","22","24","0"
"52.472034","4","78.0","0.0","0","37.78204","0","0.0","0","1340931845212","7.0","0","0","0","3.0","-122.40563","22","24","0"
"52.472034","4","79.0","0.0","0","37.78204","0","0.0","0","1340931846210","7.0","0","0","0","3.0","-122.40563","21","24","0"
"52.472034","4","80.0","0.0","0","37.78204","0","0.0","0","1340931847189","7.0","0","0","0","3.0","-122.40563","29","24","0"
"54.562035","4","82.0","0.431794","0","37.78211","0","0.0","0","1340931848176","6.0","0","0","0","3.0","-122.405655","29","16","0"
"58.126408","4","83.0","2.1583319","0","37.78214","0","0.0","0","1340931849164","6.0","0","0","0","3.0","-122.40567","38","12","0"
"62.907227","4","85.0","2.6606205","0","37.78218","0","0.0","0","1340931850148","6.0","0","0","0","3.0","-122.40569","43","4","0"
"67.33583","4","86.0","3.0760982","0","37.78222","0","0.0","0","1340931851128","6.0","0","0","0","3.0","-122.40571","47","358","0"
"72.433754","4","88.0","3.5696988","0","37.78226","0","0.0","0","1340931852120","6.0","0","0","0","3.0","-122.40573","52","354","0"
"78.46773","4","89.0","3.9702487","0","37.78227","0","0.0","0","1340931853104","6.0","0","0","0","3.0","-122.4058","55","350","0"
"84.663895","4","91.0","4.261251","0","37.782288","0","0.0","0","1340931854089","6.0","0","0","0","4.0","-122.40587","57","342","0"
"90.978065","4","92.0","4.5816135","0","37.782322","0","0.0","0","1340931855074","6.0","0","0","0","4.0","-122.40592","59","332","0"
"97.168785","4","93.0","4.9776525","0","37.782364","0","0.0","0","1340931856059","6.0","0","0","0","4.0","-122.40597","60","328","0"
"102.9562","4","94.0","5.265773","0","37.7824","0","0.0","0","1340931857044","6.0","0","0","0","4.0","-122.40602","60","324","0"
"108.61402","4","95.0","5.325675","0","37.782433","0","0.0","0","1340931858029","6.0","0","0","0","4.0","-122.40607","60","322","0"
"114.11161","4","96.0","5.1736484","0","37.782463","0","0.0","0","1340931859010","6.0","0","0","0","4.0","-122.40611","60","322","0"
"119.099396","4","97.0","4.859921","0","37.782494","0","0.0","0","1340931859999","6.0","0","0","0","4.0","-122.40616","60","320","0"
"123.65906","4","98.0","4.4473825","0","37.78252","0","0.0","0","1340931860984","6.0","0","0","0","4.0","-122.4062","60","320","0"
"127.842926","4","99.0","4.0155263","0","37.78255","0","0.0","0","1340931861969","6.0","0","0","0","4.0","-122.40623","60","320","0"
"131.68153","4","99.0","3.5938165","0","37.782574","0","0.0","0","1340931862955","6.0","0","0","0","5.0","-122.40626","60","320","0"
"134.90031","4","100.0","3.1982331","0","37.782597","0","0.0","0","1340931863940","6.0","0","0","0","5.0","-122.40628","60","320","0"
"138.68503","4","100.0","2.892943","0","37.78261","0","0.0","0","1340931864925","6.0","0","0","0","5.0","-122.40632","50","320","0"
"141.56178","4","99.0","2.6468773","0","37.78264","0","0.0","0","1340931865910","6.0","0","0","0","5.0","-122.40633","50","320","0"
"144.42877","4","98.0","2.419503","0","37.78266","0","0.0","0","1340931866896","6.0","0","0","0","5.0","-122.406334","45","322","0"
"147.12843","4","98.0","2.2782986","0","37.78269","0","0.0","0","1340931867875","6.0","0","0","0","5.0","-122.406334","42","322","0"
"149.9429","4","97.0","2.2272737","0","37.782722","0","0.0","0","1340931868865","6.0","0","0","0","5.0","-122.4063","42","324","0"
"152.7366","4","97.0","2.3269637","0","37.78276","0","0.0","0","1340931869850","6.0","0","0","0","5.0","-122.40627","39","328","0"
"155.7666","4","97.0","2.6381938","0","37.782803","0","0.0","0","1340931870835","6.0","0","0","0","5.0","-122.40625","38","336","0"
"155.7666","4","98.0","2.9567702","0","37.782803","0","0.0","0","1340931871820","6.0","0","0","0","5.0","-122.40625","47","336","0"
"159.4066","4","98.0","3.2056832","0","37.78289","0","0.0","0","1340931872806","6.0","0","0","0","5.0","-122.4062","51","348","0"
"164.7854","4","99.0","3.5409863","0","37.782932","0","0.0","0","1340931873791","6.0","0","0","0","5.0","-122.406166","54","354","0"
"171.52591","4","100.0","3.9776678","0","37.78299","0","0.0","0","1340931874776","6.0","0","0","0","5.0","-122.40614","57","2","0"
"177.45407","4","101.0","4.4265933","0","37.783035","0","0.0","0","1340931875756","6.0","0","0","0","6.0","-122.40611","59","10","0"
"183.62817","4","102.0","4.6825576","0","37.783085","0","0.0","0","1340931876747","6.0","0","0","0","6.0","-122.406075","62","16","0"
"190.84546","4","103.0","4.6913223","0","37.783142","0","0.0","0","1340931877731","6.0","0","0","0","6.0","-122.40604","63","22","0"
"197.50089","4","104.0","4.694009","0","37.78319","0","0.0","0","1340931878716","6.0","0","0","0","6.0","-122.406","65","26","0"
"203.91107","4","106.0","4.7965784","0","37.78324","0","0.0","0","1340931879701","6.0","0","0","0","6.0","-122.40595","65","28","0"
"211.35481","4","107.0","4.9909496","0","37.783295","0","0.0","0","1340931880686","6.0","0","0","0","6.0","-122.40591","66","32","0"
"218.4934","4","108.0","5.245122","0","37.783348","0","0.0","0","1340931881672","6.0","0","0","0","7.0","-122.40586","65","34","0"
"224.55444","4","109.0","5.4517846","0","37.783394","0","0.0","0","1340931882656","6.0","0","0","0","7.0","-122.40582","65","34","0"
"230.63966","4","109.0","5.5444794","0","37.78344","0","0.0","0","1340931883643","6.0","0","0","0","7.0","-122.405785","65","34","0"
"237.95355","4","110.0","5.536206","0","37.783493","0","0.0","0","1340931884627","6.0","0","0","0","7.0","-122.40574","65","34","0"
"245.24292","4","110.0","5.4902077","0","37.78355","0","0.0","0","1340931885612","6.0","0","0","0","7.0","-122.40569","65","34","0"
"252.39264","4","110.0","5.4562416","0","37.783607","0","0.0","0","1340931886593","6.0","0","0","0","7.0","-122.405655","66","32","0"
"260.3169","4","110.0","5.4795556","0","37.783672","0","0.0","0","1340931887582","6.0","0","0","0","7.0","-122.405624","61","32","0"
"268.03012","4","110.0","5.5195956","0","37.783737","0","0.0","0","1340931888567","6.0","0","0","0","7.0","-122.405594","61","30","0"
"275.81042","4","110.0","5.4120855","0","37.783806","0","0.0","0","1340931889552","6.0","0","0","0","7.0","-122.40556","55","28","0"
"281.1601","4","109.0","5.252987","0","37.783848","0","0.0","0","1340931890537","6.0","0","0","0","7.0","-122.40554","54","28","0"
"286.45163","4","109.0","5.2524104","0","37.783894","0","0.0","0","1340931891523","6.0","0","0","0","7.0","-122.40552","53","26","0"
"291.80026","4","109.0","5.289555","0","37.78393","0","0.0","0","1340931892508","6.0","0","0","0","7.0","-122.40549","52","26","0"
"297.4541","4","108.0","5.280676","0","37.783974","0","0.0","0","1340931893493","6.0","0","0","0","7.0","-122.40545","56","26","0"
"303.66544","4","108.0","5.3858027","0","37.784023","0","0.0","0","1340931894480","6.0","0","0","0","7.0","-122.40541","56","28","0"
"309.12823","4","108.0","5.5441127","0","37.78406","0","0.0","0","1340931895383","6.0","0","0","0","7.0","-122.40537","55","28","0"
"314.27322","4","108.0","5.4994125","0","37.784096","0","0.0","0","1340931896364","6.0","0","0","0","7.0","-122.405334","55","30","0"
"319.72394","4","108.0","5.2742414","0","37.784138","0","0.0","0","1340931897352","5.0","0","0","0","7.0","-122.4053","54","30","0"
"325.05728","4","108.0","5.0613914","0","37.784176","0","0.0","0","1340931898338","5.0","0","0","0","7.0","-122.405266","54","30","0"
"330.60797","4","108.0","4.9318037","0","37.78422","0","0.0","0","1340931899326","5.0","0","0","0","7.0","-122.40524","53","30","0"
"335.92258","4","107.0","4.865693","0","37.784264","0","0.0","0","1340931900250","5.0","0","0","0","8.0","-122.40521","52","30","0"
"341.01318","4","107.0","4.8356495","0","37.784306","0","0.0","0","1340931901212","5.0","0","0","0","8.0","-122.40518","52","28","0"
"345.75946","4","107.0","4.775516","0","37.784344","0","0.0","0","1340931902210","5.0","0","0","0","8.0","-122.40516","52","28","0"
"350.43353","4","107.0","4.647638","0","37.78438","0","0.0","0","1340931903211","5.0","0","0","0","8.0","-122.405136","52","28","0"
"355.00845","4","107.0","4.533658","0","37.784416","0","0.0","0","1340931904209","5.0","0","0","0","8.0","-122.40511","52","26","0"
"359.28918","4","107.0","4.456672","0","37.784447","0","0.0","0","1340931905220","5.0","0","0","0","8.0","-122.40508","52","26","0"
"363.33307","4","107.0","4.336927","0","37.784477","0","0.0","0","1340931906215","5.0","0","0","0","8.0","-122.40506","52","26","0"
"367.7805","4","106.0","4.1900153","0","37.784515","0","0.0","0","1340931907210","5.0","0","0","0","8.0","-122.40504","52","26","0"
"367.7805","4","105.0","4.1900153","0","37.784515","0","0.0","0","1340931908210","5.0","0","0","0","8.0","-122.40504","49","26","0"
"371.0716","4","104.0","4.0269523","0","37.78454","0","0.0","0","1340931909192","5.0","0","0","0","8.0","-122.40501","49","26","0"
"375.22012","4","103.0","3.801306","0","37.78457","0","0.0","0","1340931910178","5.0","0","0","0","8.0","-122.40498","49","26","0"
"379.89886","4","102.0","3.6341684","0","37.784603","0","0.0","0","1340931911166","5.0","0","0","0","8.0","-122.40495","49","26","0"
"385.0648","4","100.0","3.6103926","0","37.784626","0","0.0","0","1340931912152","5.0","0","0","0","9.0","-122.4049","49","26","0"
"389.55988","4","99.0","3.590947","0","37.784653","0","0.0","0","1340931913140","6.0","0","0","0","9.0","-122.40486","49","28","0"
"394.02563","4","97.0","3.3839061","0","37.784668","0","0.0","0","1340931914127","6.0","0","0","0","9.0","-122.404816","49","28","0"
"397.90063","4","96.0","2.995167","0","37.784683","0","0.0","0","1340931915113","6.0","0","0","0","9.0","-122.40478","49","28","0"
"401.94348","4","94.0","2.6193783","0","37.78471","0","0.0","0","1340931916101","6.0","0","0","0","9.0","-122.40475","49","30","0"
"405.33627","4","93.0","2.3025527","0","37.78473","0","0.0","0","1340931917088","6.0","0","0","0","9.0","-122.40471","49","30","0"
"408.06332","4","92.0","1.949202","0","37.78473","0","0.0","0","1340931918074","6.0","0","0","0","9.0","-122.40468","49","30","0"
"410.2733","4","90.0","1.5109043","0","37.784718","0","0.0","0","1340931919062","6.0","0","0","0","9.0","-122.40466","49","30","0"
"412.8701","4","90.0","1.0711035","0","37.784714","0","0.0","0","1340931920049","7.0","0","0","0","9.0","-122.40463","38","30","0"
"415.0022","4","89.0","0.77130663","0","37.78471","0","0.0","0","1340931921035","7.0","0","0","0","9.0","-122.40461","38","29","0"
"417.47684","4","88.0","0.60204273","0","37.7847","0","0.0","0","1340931922027","7.0","0","0","0","9.0","-122.40459","38","30","0"
"419.863","4","88.0","0.39987895","0","37.78469","0","0.0","0","1340931923010","7.0","0","0","0","9.0","-122.40456","38","30","0"
"419.863","4","88.0","0.1290433","0","37.784683","0","0.0","0","1340931924002","9.0","0","0","0","9.0","-122.40453","38","30","0"
"419.863","4","87.0","0.0","0","37.784683","0","0.0","0","1340931924988","9.0","0","0","0","9.0","-122.40453","38","30","0"
"419.863","4","87.0","0.0","0","37.784683","0","0.0","0","1340931925971","9.0","0","0","0","9.0","-122.40453","28","30","0"
"420.353","4","87.0","0.101234004","0","37.784645","0","0.0","0","1340931926958","8.0","0","0","0","9.0","-122.40446","28","32","0"
"420.843","4","87.0","0.38347402","0","37.784645","0","0.0","0","1340931927945","9.0","0","0","0","10.0","-122.40444","22","32","0"
"420.843","4","87.0","0.02614979","0","37.78465","0","0.0","0","1340931928938","9.0","0","0","0","10.0","-122.40441","22","32","0"
"420.843","4","87.0","0.0","0","37.78465","0","0.0","0","1340931929924","9.0","0","0","0","10.0","-122.40441","15","32","0"
"420.843","4","88.0","0.0","0","37.78465","0","0.0","0","1340931930911","9.0","0","0","0","10.0","-122.40441","23","32","0"
"422.293","4","88.0","0.29957002","0","37.784683","0","0.0","0","1340931931898","8.0","0","0","0","10.0","-122.40432","32","34","0"
"424.253","4","88.0","1.539706","0","37.7847","0","0.0","0","1340931932885","8.0","0","0","0","10.0","-122.4043","32","36","0"
"426.86298","4","89.0","2.0712175","0","37.78472","0","0.0","0","1340931933872","8.0","0","0","0","10.0","-122.40426","42","38","0"
"431.07422","4","90.0","2.4824078","0","37.784744","0","0.0","0","1340931934859","8.0","0","0","0","10.0","-122.40422","50","40","0"
"436.54272","4","91.0","3.0546522","0","37.784786","0","0.0","0","1340931935846","8.0","0","0","0","10.0","-122.40418","50","40","0"
"442.17062","4","92.0","3.6730886","0","37.78482","0","0.0","0","1340931936833","8.0","0","0","0","10.0","-122.404144","53","42","0"
"448.73984","4","93.0","4.3018713","0","37.78487","0","0.0","0","1340931937820","7.0","0","0","0","10.0","-122.4041","52","42","0"
"455.41296","4","95.0","4.8820276","0","37.784916","0","0.0","0","1340931938807","7.0","0","0","0","10.0","-122.40405","56","42","0"
"462.16455","4","96.0","5.276949","0","37.784966","0","0.0","0","1340931939792","7.0","0","0","0","10.0","-122.40401","59","40","0"
"468.57074","4","98.0","5.431162","0","37.78501","0","0.0","0","1340931940777","7.0","0","0","0","11.0","-122.40396","59","38","0"
"475.27246","4","99.0","5.5099797","0","37.785065","0","0.0","0","1340931941762","7.0","0","0","0","11.0","-122.40392","50","38","0"
"482.3016","4","99.0","5.655568","0","37.785114","0","0.0","0","1340931942747","7.0","0","0","0","11.0","-122.40387","50","38","0"
"488.87607","4","100.0","5.7662272","0","37.78516","0","0.0","0","1340931943736","7.0","0","0","0","11.0","-122.40383","50","36","0"
"495.64056","4","99.0","5.8013525","0","37.785206","0","0.0","0","1340931944717","7.0","0","0","0","11.0","-122.40378","54","36","0"
"502.79077","4","98.0","5.9765067","0","37.785255","0","0.0","0","1340931945702","7.0","0","0","0","11.0","-122.403725","54","38","0"
"509.73022","4","98.0","6.2780943","0","37.78529","0","0.0","0","1340931946687","7.0","0","0","0","11.0","-122.40366","55","38","0"
"516.50397","4","97.0","6.456468","0","37.78533","0","0.0","0","1340931947667","7.0","0","0","0","11.0","-122.4036","65","40","0"
"523.42413","4","96.0","6.529435","0","37.78537","0","0.0","0","1340931948657","7.0","0","0","0","11.0","-122.40354","73","40","0"
"530.2751","4","96.0","6.655737","0","37.78541","0","0.0","0","1340931949642","7.0","0","0","0","12.0","-122.40349","77","40","0"
"537.4607","4","97.0","6.85545","0","37.785454","0","0.0","0","1340931950627","7.0","0","0","0","12.0","-122.40343","77","42","0"
"544.29315","4","97.0","7.007786","0","37.785496","0","0.0","0","1340931951612","6.0","0","0","0","12.0","-122.403366","77","42","0"
"551.4581","4","98.0","6.9981337","0","37.78554","0","0.0","0","1340931952597","6.0","0","0","0","12.0","-122.403305","77","40","0"
"558.3449","4","98.0","6.913088","0","37.785587","0","0.0","0","1340931953581","6.0","0","0","0","12.0","-122.40325","77","40","0"
"565.27924","4","98.0","6.8732305","0","37.78563","0","0.0","0","1340931954566","6.0","0","0","0","12.0","-122.4032","77","40","0"
"572.08997","4","98.0","6.883412","0","37.785675","0","0.0","0","1340931955551","6.0","0","0","0","12.0","-122.403145","77","40","0"
"578.4485","4","98.0","6.859859","0","37.785713","0","0.0","0","1340931956536","6.0","0","0","0","12.0","-122.40309","77","38","0"
"584.7537","4","97.0","6.727287","0","37.785755","0","0.0","0","1340931957521","5.0","0","0","0","12.0","-122.403046","77","38","0"
"591.1857","4","96.0","6.5445113","0","37.785793","0","0.0","0","1340931958502","5.0","0","0","0","12.0","-122.40299","77","38","0"
"597.5084","4","95.0","6.393444","0","37.785824","0","0.0","0","1340931959492","5.0","0","0","0","12.0","-122.40292","70","38","0"
"603.08405","4","94.0","6.2329392","0","37.785847","0","0.0","0","1340931960477","5.0","0","0","0","12.0","-122.40287","68","40","0"
"607.7753","4","93.0","5.963585","0","37.785862","0","0.0","0","1340931961459","5.0","0","0","0","12.0","-122.402824","66","40","0"
"613.33356","4","93.0","5.657938","0","37.785896","0","0.0","0","1340931962446","5.0","0","0","0","12.0","-122.40278","64","40","0"
"618.8918","4","93.0","5.5089035","0","37.785934","0","0.0","0","1340931963431","5.0","0","0","0","13.0","-122.40273","64","40","0"
"624.5711","4","93.0","5.5178127","0","37.785965","0","0.0","0","1340931964416","5.0","0","0","0","13.0","-122.40268","64","42","0"
"630.00964","4","92.0","5.5502834","0","37.78599","0","0.0","0","1340931965401","5.0","0","0","0","13.0","-122.402626","64","42","0"
"635.4316","4","92.0","5.539881","0","37.786015","0","0.0","0","1340931966382","5.0","0","0","0","13.0","-122.40257","64","44","0"
"639.8095","4","92.0","5.4491096","0","37.786034","0","0.0","0","1340931967366","5.0","0","0","0","13.0","-122.402534","50","44","0"
"641.5212","4","91.0","5.1738453","0","37.78605","0","0.0","0","1340931968356","5.0","0","0","0","13.0","-122.402534","55","44","0"
"646.77997","4","90.0","4.80486","0","37.78609","0","0.0","0","1340931969341","6.0","0","0","0","13.0","-122.40251","55","44","0"
"651.0501","4","90.0","4.577788","0","37.78612","0","0.0","0","1340931970276","6.0","0","0","0","13.0","-122.40248","55","44","0"
"656.6105","4","89.0","4.454596","0","37.78616","0","0.0","0","1340931971204","6.0","0","0","0","13.0","-122.402435","55","44","0"
"661.64026","4","88.0","4.4494123","0","37.786236","0","0.0","0","1340931972214","6.0","0","0","0","13.0","-122.40238","55","44","0"
"666.5937","4","88.0","4.587274","0","37.7863","0","0.0","0","1340931973208","6.0","0","0","0","13.0","-122.402336","44","44","0"
"671.7749","4","87.0","4.599992","0","37.786392","0","0.0","0","1340931974221","6.0","0","0","0","13.0","-122.40227","41","42","0"
"678.7391","4","87.0","4.4062448","0","37.786434","0","0.0","0","1340931975213","6.0","0","0","0","13.0","-122.402214","37","42","0"
"684.3681","4","87.0","4.1978908","0","37.786465","0","0.0","0","1340931976215","6.0","0","0","0","13.0","-122.40216","37","42","0"
"689.5366","4","87.0","4.109264","0","37.78649","0","0.0","0","1340931977210","6.0","0","0","0","13.0","-122.40211","37","42","0"
"689.5366","4","87.0","4.109264","0","37.78649","0","0.0","0","1340931978204","6.0","0","0","0","13.0","-122.40211","37","42","0"
"693.0916","4","86.0","4.090446","0","37.786514","0","0.0","0","1340931979188","6.0","0","0","0","13.0","-122.402084","38","42","0"
"696.5799","4","86.0","4.001699","0","37.786537","0","0.0","0","1340931980172","6.0","0","0","0","13.0","-122.402054","35","42","0"
"700.0211","4","86.0","3.8362494","0","37.78656","0","0.0","0","1340931981162","6.0","0","0","0","13.0","-122.40203","43","42","0"
"703.4238","4","86.0","3.6168995","0","37.786583","0","0.0","0","1340931982150","6.0","0","0","0","13.0","-122.40201","43","42","0"
"707.89343","4","86.0","3.4071338","0","37.786613","0","0.0","0","1340931983132","6.0","0","0","0","13.0","-122.40197","43","42","0"
"712.5383","4","86.0","3.314713","0","37.786644","0","0.0","0","1340931984119","6.0","0","0","0","14.0","-122.40194","43","42","0"
"716.71075","4","86.0","3.1749666","0","37.786694","0","0.0","0","1340931985098","6.0","0","0","0","14.0","-122.4019","43","42","0"
"722.86957","4","86.0","2.7964544","0","37.786743","0","0.0","0","1340931986088","6.0","0","0","0","14.0","-122.40187","43","42","0"
"729.2028","4","86.0","2.2790704","0","37.786797","0","0.0","0","1340931987073","6.0","0","0","0","14.0","-122.40184","43","42","0"
"733.4208","4","86.0","1.8170338","0","37.78683","0","0.0","0","1340931988058","6.0","0","0","0","14.0","-122.40182","43","40","0"
"736.82904","4","86.0","1.501786","0","37.786858","0","0.0","0","1340931989043","6.0","0","0","0","14.0","-122.4018","43","40","0"
"739.02515","4","85.0","1.2960497","0","37.786873","0","0.0","0","1340931990028","6.0","0","0","0","14.0","-122.40179","34","40","0"
"740.6953","4","84.0","1.1185577","0","37.786884","0","0.0","0","1340931991013","6.0","0","0","0","14.0","-122.40177","34","38","0"
"742.2187","4","83.0","0.99204755","0","37.786892","0","0.0","0","1340931991998","6.0","0","0","0","14.0","-122.40176","34","38","0"
"744.0483","4","83.0","1.019294","0","37.786903","0","0.0","0","1340931992984","6.0","0","0","0","14.0","-122.40174","28","38","0"
"746.0537","4","83.0","1.1780792","0","37.78692","0","0.0","0","1340931993968","6.0","0","0","0","14.0","-122.40173","28","38","0"
"747.8092","4","83.0","1.3284985","0","37.786934","0","0.0","0","1340931994954","6.0","0","0","0","14.0","-122.401726","28","36","0"
"749.72205","4","83.0","1.4046423","0","37.78695","0","0.0","0","1340931995933","6.0","0","0","0","14.0","-122.40172","28","34","0"
"751.3757","4","83.0","1.3971133","0","37.78696","0","0.0","0","1340931996924","6.0","0","0","0","14.0","-122.4017","28","32","0"
"752.80066","4","82.0","1.3236674","0","37.786976","0","0.0","0","1340931997909","6.0","0","0","0","14.0","-122.4017","28","30","0"
"753.8568","4","82.0","1.2525383","0","37.786983","0","0.0","0","1340931998889","6.0","0","0","0","14.0","-122.401695","28","28","0"
"755.1351","4","82.0","1.1249619","0","37.78698","0","0.0","0","1340931999879","5.0","0","0","0","14.0","-122.40169","28","26","0"
"756.2866","4","81.0","0.8769124","0","37.78698","0","0.0","0","1340932000864","5.0","0","0","0","14.0","-122.40167","28","26","0"
"757.25476","4","80.0","0.5168946","0","37.786972","0","0.0","0","1340932001844","5.0","0","0","0","14.0","-122.401665","28","26","0"
"757.25476","4","79.0","0.13705511","0","37.786972","0","0.0","0","1340932002834","5.0","0","0","0","14.0","-122.40166","28","26","0"
"757.25476","4","79.0","0.0","0","37.786972","0","0.0","0","1340932003819","5.0","0","0","0","14.0","-122.40166","28","26","0"
"757.25476","4","78.0","0.0","0","37.786972","0","0.0","0","1340932004805","5.0","0","0","0","14.0","-122.40166","28","26","0"
"757.25476","4","78.0","0.0","0","37.786972","0","0.0","0","1340932005790","5.0","0","0","0","14.0","-122.40166","28","26","0"
"757.25476","4","78.0","0.0","0","37.786972","0","0.0","0","1340932006775","5.0","0","0","0","14.0","-122.40166","28","26","0"
"757.25476","4","78.0","0.0","0","37.786972","0","0.0","0","1340932007761","5.0","0","0","0","14.0","-122.40166","28","26","0"
"757.25476","4","77.0","0.0","0","37.786972","0","0.0","0","1340932008744","5.0","0","0","0","14.0","-122.40166","28","26","0"
"757.25476","4","77.0","0.0","0","37.786972","0","0.0","0","1340932009730","5.0","0","0","0","14.0","-122.40166","28","26","0"
"757.25476","4","76.0","0.0","0","37.786972","0","0.0","0","1340932010715","5.0","0","0","0","14.0","-122.40166","28","26","0"
"757.25476","4","76.0","0.0","0","37.786972","0","0.0","0","1340932011700","5.0","0","0","0","15.0","-122.40166","28","26","0"
"757.25476","4","75.0","0.0","0","37.786972","0","0.0","0","1340932012685","5.0","0","0","0","15.0","-122.40166","28","26","0"
"757.25476","4","75.0","0.0","0","37.786972","0","0.0","0","1340932013689","5.0","0","0","0","15.0","-122.40166","28","26","0"
"757.25476","4","75.0","0.0","0","37.786972","0","0.0","0","1340932014656","5.0","0","0","0","15.0","-122.40166","28","26","0"
"757.25476","4","75.0","0.0","0","37.786972","0","0.0","0","1340932015640","5.0","0","0","0","15.0","-122.40166","28","26","0"
"758.2661","4","75.0","0.159082","0","37.78695","0","0.0","0","1340932016625","1.0","0","0","0","15.0","-122.40159","28","30","0"
"759.72363","4","75.0","0.821598","0","37.786957","0","0.0","0","1340932017611","1.0","0","0","0","15.0","-122.40158","28","30","0"
"761.63324","4","75.0","1.1190751","0","37.786972","0","0.0","0","1340932018591","1.0","0","0","0","15.0","-122.401566","25","30","0"
"763.66895","4","75.0","1.3214492","0","37.786987","0","0.0","0","1340932019497","1.0","0","0","0","15.0","-122.40155","25","30","0"
"765.562","4","76.0","1.5086086","0","37.787003","0","0.0","0","1340932020479","2.0","0","0","0","15.0","-122.40154","22","30","0"
"767.8984","4","77.0","1.6228421","0","37.787018","0","0.0","0","1340932021466","2.0","0","0","0","15.0","-122.40152","22","30","0"
"771.38916","4","79.0","1.8453115","0","37.787037","0","0.0","0","1340932022458","2.0","0","0","0","15.0","-122.40149","20","32","0"
"775.69586","4","80.0","2.305897","0","37.78706","0","0.0","0","1340932023445","2.0","0","0","0","15.0","-122.40145","29","34","0"
"779.8349","4","81.0","2.855992","0","37.787083","0","0.0","0","1340932024432","2.0","0","0","0","15.0","-122.40141","37","36","0"
"784.88965","4","83.0","3.3181963","0","37.78711","0","0.0","0","1340932025415","2.0","0","0","0","16.0","-122.40137","48","38","0"
"789.9819","4","85.0","3.7799573","0","37.78714","0","0.0","0","1340932026406","2.0","0","0","0","16.0","-122.40133","53","40","0"
"795.1464","4","86.0","4.2897463","0","37.787167","0","0.0","0","1340932027393","2.0","0","0","0","16.0","-122.40128","56","44","0"
"800.17664","4","88.0","4.6066613","0","37.787193","0","0.0","0","1340932028380","2.0","0","0","0","16.0","-122.40123","58","46","0"
"804.9887","4","89.0","4.5764513","0","37.78722","0","0.0","0","1340932029367","2.0","0","0","0","16.0","-122.401184","58","46","0"
"809.5069","4","90.0","4.3648243","0","37.78724","0","0.0","0","1340932030354","2.0","0","0","0","16.0","-122.401146","58","46","0"
"813.8018","4","91.0","4.1169567","0","37.78727","0","0.0","0","1340932031346","2.0","0","0","0","16.0","-122.40111","58","46","0"
"818.2636","4","91.0","3.8974228","0","37.78729","0","0.0","0","1340932032329","2.0","0","0","0","16.0","-122.40107","58","46","0"
"823.03937","4","91.0","3.8276505","0","37.78732","0","0.0","0","1340932033315","2.0","0","0","0","17.0","-122.40103","58","46","0"
"827.6966","4","91.0","3.8882275","0","37.787354","0","0.0","0","1340932034302","2.0","0","0","0","17.0","-122.40099","58","46","0"
"831.035","4","91.0","3.825108","0","37.787376","0","0.0","0","1340932035212","2.0","0","0","0","17.0","-122.40097","58","46","0"
"834.0037","4","90.0","3.4532197","0","37.787395","0","0.0","0","1340932036211","2.0","0","0","0","17.0","-122.40095","58","46","0"
"837.2826","4","90.0","2.9253485","0","37.787422","0","0.0","0","1340932037212","2.0","0","0","0","17.0","-122.40093","58","46","0"
"839.755","4","89.0","2.4705257","0","37.78744","0","0.0","0","1340932038213","2.0","0","0","0","17.0","-122.40092","58","44","0"
"841.30743","4","88.0","2.118688","0","37.787457","0","0.0","0","1340932039210","2.0","0","0","0","17.0","-122.40092","58","44","0"
"842.3659","4","88.0","1.8443114","0","37.78746","0","0.0","0","1340932040211","2.0","0","0","0","17.0","-122.40091","48","44","0"
"842.3659","4","88.0","1.8443114","0","37.78746","0","0.0","0","1340932041216","2.0","0","0","0","17.0","-122.40091","48","44","0"
"843.0977","4","88.0","1.6031679","0","37.787464","0","0.0","0","1340932042194","2.0","0","0","0","17.0","-122.4009","48","42","0"
"844.8771","4","89.0","1.3447003","0","37.78748","0","0.0","0","1340932043182","2.0","0","0","0","17.0","-122.40089","48","42","0"
"846.1571","4","90.0","1.1869274","0","37.787495","0","0.0","0","1340932044175","2.0","0","0","0","17.0","-122.40087","40","42","0"
"848.37036","4","90.0","1.2494694","0","37.787506","0","0.0","0","1340932045160","2.0","0","0","0","17.0","-122.400856","40","42","0"
"850.4636","4","91.0","1.4666635","0","37.78752","0","0.0","0","1340932046147","2.0","0","0","0","17.0","-122.40084","33","42","0"
"852.3218","4","91.0","1.677201","0","37.787533","0","0.0","0","1340932047134","2.0","0","0","0","17.0","-122.400826","33","42","0"
"853.66656","4","92.0","1.7351941","0","37.787544","0","0.0","0","1340932048121","2.0","0","0","0","17.0","-122.40082","27","40","0"
"854.9903","4","92.0","1.6431023","0","37.787556","0","0.0","0","1340932049108","2.0","0","0","0","17.0","-122.40082","27","40","0"
"856.39966","4","92.0","1.5398803","0","37.787567","0","0.0","0","1340932050095","2.0","0","0","0","17.0","-122.4008","27","38","0"
"858.37396","4","91.0","1.5652204","0","37.787582","0","0.0","0","1340932051082","2.0","0","0","0","17.0","-122.400795","27","38","0"
"859.69055","4","91.0","1.6608813","0","37.78759","0","0.0","0","1340932052070","2.0","0","0","0","17.0","-122.40078","27","36","0"
"861.0223","4","90.0","1.6065816","0","37.787594","0","0.0","0","1340932053057","2.0","0","0","0","18.0","-122.400764","27","36","0"
"861.79047","4","89.0","1.3364193","0","37.787594","0","0.0","0","1340932054043","2.0","0","0","0","18.0","-122.40076","27","36","0"
"863.00464","4","88.0","0.9621613","0","37.78759","0","0.0","0","1340932055026","2.0","0","0","0","18.0","-122.40074","27","36","0"
"863.8636","4","88.0","0.6578027","0","37.78759","0","0.0","0","1340932056012","2.0","0","0","0","18.0","-122.400734","16","36","0"
"864.5209","4","88.0","0.5421869","0","37.78759","0","0.0","0","1340932057000","2.0","0","0","0","18.0","-122.40073","23","36","0"
"865.6879","4","88.0","0.6313653","0","37.787598","0","0.0","0","1340932057986","2.0","0","0","0","18.0","-122.40072","23","36","0"
"866.6579","4","88.0","0.8377403","0","37.787605","0","0.0","0","1340932058973","2.0","0","0","0","18.0","-122.4007","31","36","0"
